timestamp_utc,scenario,pod,cpu_millicores,memory_mib
2026-04-24T08:02:05Z,combined,argocd-application-controller-0,3m,161Mi
2026-04-24T08:02:05Z,combined,argocd-applicationset-controller-68fb4455bb-6d6k5,1m,25Mi
2026-04-24T08:02:05Z,combined,argocd-dex-server-76dcbcbc86-qmt95,1m,25Mi
2026-04-24T08:02:05Z,combined,argocd-notifications-controller-8495566bcf-6l7vb,1m,22Mi
2026-04-24T08:02:05Z,combined,argocd-redis-85cfb75bdd-44jsl,4m,9Mi
2026-04-24T08:02:05Z,combined,argocd-repo-server-9fd46496f-q9g6f,1m,35Mi
2026-04-24T08:02:05Z,combined,argocd-server-9c669c566-kmphd,1m,58Mi
2026-04-24T08:02:06Z,combined,argocd-application-controller-0,3m,161Mi
2026-04-24T08:02:06Z,combined,argocd-applicationset-controller-68fb4455bb-6d6k5,1m,25Mi
2026-04-24T08:02:06Z,combined,argocd-dex-server-76dcbcbc86-qmt95,1m,25Mi
2026-04-24T08:02:06Z,combined,argocd-notifications-controller-8495566bcf-6l7vb,1m,22Mi
2026-04-24T08:02:06Z,combined,argocd-redis-85cfb75bdd-44jsl,4m,9Mi
2026-04-24T08:02:06Z,combined,argocd-repo-server-9fd46496f-q9g6f,1m,35Mi
2026-04-24T08:02:06Z,combined,argocd-server-9c669c566-kmphd,1m,58Mi
2026-04-24T08:02:07Z,combined,argocd-application-controller-0,3m,161Mi
2026-04-24T08:02:07Z,combined,argocd-applicationset-controller-68fb4455bb-6d6k5,1m,25Mi
2026-04-24T08:02:07Z,combined,argocd-dex-server-76dcbcbc86-qmt95,1m,25Mi
2026-04-24T08:02:07Z,combined,argocd-notifications-controller-8495566bcf-6l7vb,1m,22Mi
2026-04-24T08:02:07Z,combined,argocd-redis-85cfb75bdd-44jsl,4m,9Mi
2026-04-24T08:02:07Z,combined,argocd-repo-server-9fd46496f-q9g6f,1m,35Mi
2026-04-24T08:02:07Z,combined,argocd-server-9c669c566-kmphd,1m,58Mi
2026-04-24T08:02:08Z,combined,argocd-application-controller-0,3m,161Mi
2026-04-24T08:02:08Z,combined,argocd-applicationset-controller-68fb4455bb-6d6k5,1m,25Mi
2026-04-24T08:02:08Z,combined,argocd-dex-server-76dcbcbc86-qmt95,1m,25Mi
2026-04-24T08:02:08Z,combined,argocd-notifications-controller-8495566bcf-6l7vb,1m,22Mi
2026-04-24T08:02:08Z,combined,argocd-redis-85cfb75bdd-44jsl,4m,9Mi
2026-04-24T08:02:08Z,combined,argocd-repo-server-9fd46496f-q9g6f,1m,35Mi
2026-04-24T08:02:08Z,combined,argocd-server-9c669c566-kmphd,1m,58Mi
2026-04-24T08:02:09Z,combined,argocd-application-controller-0,3m,161Mi
2026-04-24T08:02:09Z,combined,argocd-applicationset-controller-68fb4455bb-6d6k5,1m,25Mi
2026-04-24T08:02:09Z,combined,argocd-dex-server-76dcbcbc86-qmt95,1m,25Mi
2026-04-24T08:02:09Z,combined,argocd-notifications-controller-8495566bcf-6l7vb,1m,22Mi
2026-04-24T08:02:09Z,combined,argocd-redis-85cfb75bdd-44jsl,4m,9Mi
2026-04-24T08:02:09Z,combined,argocd-repo-server-9fd46496f-q9g6f,1m,35Mi
2026-04-24T08:02:09Z,combined,argocd-server-9c669c566-kmphd,1m,58Mi
2026-04-24T08:02:10Z,combined,argocd-application-controller-0,3m,161Mi
2026-04-24T08:02:10Z,combined,argocd-applicationset-controller-68fb4455bb-6d6k5,1m,25Mi
2026-04-24T08:02:10Z,combined,argocd-dex-server-76dcbcbc86-qmt95,1m,25Mi
2026-04-24T08:02:10Z,combined,argocd-notifications-controller-8495566bcf-6l7vb,1m,22Mi
2026-04-24T08:02:10Z,combined,argocd-redis-85cfb75bdd-44jsl,4m,9Mi
2026-04-24T08:02:10Z,combined,argocd-repo-server-9fd46496f-q9g6f,1m,35Mi
2026-04-24T08:02:10Z,combined,argocd-server-9c669c566-kmphd,1m,58Mi
2026-04-24T08:02:12Z,combined,argocd-application-controller-0,3m,161Mi
2026-04-24T08:02:12Z,combined,argocd-applicationset-controller-68fb4455bb-6d6k5,1m,25Mi
2026-04-24T08:02:12Z,combined,argocd-dex-server-76dcbcbc86-qmt95,1m,25Mi
2026-04-24T08:02:12Z,combined,argocd-notifications-controller-8495566bcf-6l7vb,1m,22Mi
2026-04-24T08:02:12Z,combined,argocd-redis-85cfb75bdd-44jsl,4m,9Mi
2026-04-24T08:02:12Z,combined,argocd-repo-server-9fd46496f-q9g6f,1m,35Mi
2026-04-24T08:02:12Z,combined,argocd-server-9c669c566-kmphd,1m,58Mi
2026-04-24T08:02:12Z,combined,argocd-application-controller-0,3m,161Mi
2026-04-24T08:02:12Z,combined,argocd-applicationset-controller-68fb4455bb-6d6k5,1m,25Mi
2026-04-24T08:02:12Z,combined,argocd-dex-server-76dcbcbc86-qmt95,1m,25Mi
2026-04-24T08:02:12Z,combined,argocd-notifications-controller-8495566bcf-6l7vb,1m,22Mi
2026-04-24T08:02:12Z,combined,argocd-redis-85cfb75bdd-44jsl,4m,9Mi
2026-04-24T08:02:12Z,combined,argocd-repo-server-9fd46496f-q9g6f,1m,35Mi
2026-04-24T08:02:12Z,combined,argocd-server-9c669c566-kmphd,1m,58Mi
2026-04-24T08:02:14Z,combined,argocd-application-controller-0,3m,161Mi
2026-04-24T08:02:14Z,combined,argocd-applicationset-controller-68fb4455bb-6d6k5,1m,25Mi
2026-04-24T08:02:14Z,combined,argocd-dex-server-76dcbcbc86-qmt95,1m,25Mi
2026-04-24T08:02:14Z,combined,argocd-notifications-controller-8495566bcf-6l7vb,1m,22Mi
2026-04-24T08:02:14Z,combined,argocd-redis-85cfb75bdd-44jsl,4m,9Mi
2026-04-24T08:02:14Z,combined,argocd-repo-server-9fd46496f-q9g6f,1m,35Mi
2026-04-24T08:02:14Z,combined,argocd-server-9c669c566-kmphd,1m,58Mi
2026-04-24T08:02:15Z,combined,argocd-application-controller-0,3m,161Mi
2026-04-24T08:02:15Z,combined,argocd-applicationset-controller-68fb4455bb-6d6k5,1m,25Mi
2026-04-24T08:02:15Z,combined,argocd-dex-server-76dcbcbc86-qmt95,1m,25Mi
2026-04-24T08:02:15Z,combined,argocd-notifications-controller-8495566bcf-6l7vb,1m,22Mi
2026-04-24T08:02:15Z,combined,argocd-redis-85cfb75bdd-44jsl,4m,9Mi
2026-04-24T08:02:15Z,combined,argocd-repo-server-9fd46496f-q9g6f,1m,35Mi
2026-04-24T08:02:15Z,combined,argocd-server-9c669c566-kmphd,1m,58Mi
2026-04-24T08:02:16Z,combined,argocd-application-controller-0,3m,161Mi
2026-04-24T08:02:16Z,combined,argocd-applicationset-controller-68fb4455bb-6d6k5,1m,25Mi
2026-04-24T08:02:16Z,combined,argocd-dex-server-76dcbcbc86-qmt95,1m,25Mi
2026-04-24T08:02:16Z,combined,argocd-notifications-controller-8495566bcf-6l7vb,1m,22Mi
2026-04-24T08:02:16Z,combined,argocd-redis-85cfb75bdd-44jsl,4m,9Mi
2026-04-24T08:02:16Z,combined,argocd-repo-server-9fd46496f-q9g6f,1m,35Mi
2026-04-24T08:02:16Z,combined,argocd-server-9c669c566-kmphd,1m,58Mi
2026-04-24T08:02:17Z,combined,argocd-application-controller-0,3m,161Mi
2026-04-24T08:02:17Z,combined,argocd-applicationset-controller-68fb4455bb-6d6k5,1m,25Mi
2026-04-24T08:02:17Z,combined,argocd-dex-server-76dcbcbc86-qmt95,1m,25Mi
2026-04-24T08:02:17Z,combined,argocd-notifications-controller-8495566bcf-6l7vb,1m,22Mi
2026-04-24T08:02:17Z,combined,argocd-redis-85cfb75bdd-44jsl,4m,9Mi
2026-04-24T08:02:17Z,combined,argocd-repo-server-9fd46496f-q9g6f,1m,35Mi
2026-04-24T08:02:17Z,combined,argocd-server-9c669c566-kmphd,1m,58Mi
2026-04-24T08:02:18Z,combined,argocd-application-controller-0,3m,161Mi
2026-04-24T08:02:18Z,combined,argocd-applicationset-controller-68fb4455bb-6d6k5,1m,25Mi
2026-04-24T08:02:18Z,combined,argocd-dex-server-76dcbcbc86-qmt95,1m,25Mi
2026-04-24T08:02:18Z,combined,argocd-notifications-controller-8495566bcf-6l7vb,1m,22Mi
2026-04-24T08:02:18Z,combined,argocd-redis-85cfb75bdd-44jsl,4m,9Mi
2026-04-24T08:02:18Z,combined,argocd-repo-server-9fd46496f-q9g6f,1m,35Mi
2026-04-24T08:02:18Z,combined,argocd-server-9c669c566-kmphd,1m,58Mi
2026-04-24T08:02:19Z,combined,argocd-application-controller-0,3m,161Mi
2026-04-24T08:02:19Z,combined,argocd-applicationset-controller-68fb4455bb-6d6k5,1m,25Mi
2026-04-24T08:02:19Z,combined,argocd-dex-server-76dcbcbc86-qmt95,1m,25Mi
2026-04-24T08:02:19Z,combined,argocd-notifications-controller-8495566bcf-6l7vb,1m,22Mi
2026-04-24T08:02:19Z,combined,argocd-redis-85cfb75bdd-44jsl,4m,9Mi
2026-04-24T08:02:19Z,combined,argocd-repo-server-9fd46496f-q9g6f,1m,35Mi
2026-04-24T08:02:19Z,combined,argocd-server-9c669c566-kmphd,1m,58Mi
2026-04-24T08:02:20Z,combined,argocd-application-controller-0,3m,161Mi
2026-04-24T08:02:20Z,combined,argocd-applicationset-controller-68fb4455bb-6d6k5,1m,25Mi
2026-04-24T08:02:20Z,combined,argocd-dex-server-76dcbcbc86-qmt95,1m,25Mi
2026-04-24T08:02:20Z,combined,argocd-notifications-controller-8495566bcf-6l7vb,1m,22Mi
2026-04-24T08:02:20Z,combined,argocd-redis-85cfb75bdd-44jsl,4m,9Mi
2026-04-24T08:02:20Z,combined,argocd-repo-server-9fd46496f-q9g6f,1m,35Mi
2026-04-24T08:02:20Z,combined,argocd-server-9c669c566-kmphd,1m,58Mi
2026-04-24T08:02:21Z,combined,argocd-application-controller-0,3m,161Mi
2026-04-24T08:02:21Z,combined,argocd-applicationset-controller-68fb4455bb-6d6k5,1m,25Mi
2026-04-24T08:02:21Z,combined,argocd-dex-server-76dcbcbc86-qmt95,1m,25Mi
2026-04-24T08:02:21Z,combined,argocd-notifications-controller-8495566bcf-6l7vb,1m,22Mi
2026-04-24T08:02:21Z,combined,argocd-redis-85cfb75bdd-44jsl,4m,9Mi
2026-04-24T08:02:21Z,combined,argocd-repo-server-9fd46496f-q9g6f,1m,35Mi
2026-04-24T08:02:21Z,combined,argocd-server-9c669c566-kmphd,1m,58Mi
2026-04-24T08:02:22Z,combined,argocd-application-controller-0,3m,161Mi
2026-04-24T08:02:22Z,combined,argocd-applicationset-controller-68fb4455bb-6d6k5,1m,25Mi
2026-04-24T08:02:22Z,combined,argocd-dex-server-76dcbcbc86-qmt95,1m,25Mi
2026-04-24T08:02:22Z,combined,argocd-notifications-controller-8495566bcf-6l7vb,1m,22Mi
2026-04-24T08:02:22Z,combined,argocd-redis-85cfb75bdd-44jsl,4m,9Mi
2026-04-24T08:02:22Z,combined,argocd-repo-server-9fd46496f-q9g6f,1m,35Mi
2026-04-24T08:02:22Z,combined,argocd-server-9c669c566-kmphd,1m,58Mi
2026-04-24T08:02:23Z,combined,argocd-application-controller-0,3m,161Mi
2026-04-24T08:02:23Z,combined,argocd-applicationset-controller-68fb4455bb-6d6k5,1m,25Mi
2026-04-24T08:02:23Z,combined,argocd-dex-server-76dcbcbc86-qmt95,1m,25Mi
2026-04-24T08:02:23Z,combined,argocd-notifications-controller-8495566bcf-6l7vb,1m,22Mi
2026-04-24T08:02:23Z,combined,argocd-redis-85cfb75bdd-44jsl,4m,9Mi
2026-04-24T08:02:23Z,combined,argocd-repo-server-9fd46496f-q9g6f,1m,35Mi
2026-04-24T08:02:23Z,combined,argocd-server-9c669c566-kmphd,1m,58Mi
2026-04-24T08:02:24Z,combined,argocd-application-controller-0,3m,161Mi
2026-04-24T08:02:24Z,combined,argocd-applicationset-controller-68fb4455bb-6d6k5,1m,25Mi
2026-04-24T08:02:24Z,combined,argocd-dex-server-76dcbcbc86-qmt95,1m,25Mi
2026-04-24T08:02:24Z,combined,argocd-notifications-controller-8495566bcf-6l7vb,1m,22Mi
2026-04-24T08:02:24Z,combined,argocd-redis-85cfb75bdd-44jsl,4m,9Mi
2026-04-24T08:02:24Z,combined,argocd-repo-server-9fd46496f-q9g6f,1m,35Mi
2026-04-24T08:02:24Z,combined,argocd-server-9c669c566-kmphd,1m,58Mi
2026-04-24T08:02:25Z,combined,argocd-application-controller-0,3m,161Mi
2026-04-24T08:02:25Z,combined,argocd-applicationset-controller-68fb4455bb-6d6k5,1m,25Mi
2026-04-24T08:02:25Z,combined,argocd-dex-server-76dcbcbc86-qmt95,1m,25Mi
2026-04-24T08:02:25Z,combined,argocd-notifications-controller-8495566bcf-6l7vb,1m,22Mi
2026-04-24T08:02:25Z,combined,argocd-redis-85cfb75bdd-44jsl,4m,9Mi
2026-04-24T08:02:25Z,combined,argocd-repo-server-9fd46496f-q9g6f,1m,35Mi
2026-04-24T08:02:25Z,combined,argocd-server-9c669c566-kmphd,1m,58Mi
2026-04-24T08:02:26Z,combined,argocd-application-controller-0,3m,161Mi
2026-04-24T08:02:26Z,combined,argocd-applicationset-controller-68fb4455bb-6d6k5,1m,25Mi
2026-04-24T08:02:26Z,combined,argocd-dex-server-76dcbcbc86-qmt95,1m,25Mi
2026-04-24T08:02:26Z,combined,argocd-notifications-controller-8495566bcf-6l7vb,1m,22Mi
2026-04-24T08:02:26Z,combined,argocd-redis-85cfb75bdd-44jsl,4m,9Mi
2026-04-24T08:02:26Z,combined,argocd-repo-server-9fd46496f-q9g6f,1m,35Mi
2026-04-24T08:02:26Z,combined,argocd-server-9c669c566-kmphd,1m,58Mi
2026-04-24T08:02:27Z,combined,argocd-application-controller-0,3m,161Mi
2026-04-24T08:02:27Z,combined,argocd-applicationset-controller-68fb4455bb-6d6k5,1m,25Mi
2026-04-24T08:02:27Z,combined,argocd-dex-server-76dcbcbc86-qmt95,1m,25Mi
2026-04-24T08:02:27Z,combined,argocd-notifications-controller-8495566bcf-6l7vb,1m,22Mi
2026-04-24T08:02:27Z,combined,argocd-redis-85cfb75bdd-44jsl,4m,9Mi
2026-04-24T08:02:27Z,combined,argocd-repo-server-9fd46496f-q9g6f,1m,35Mi
2026-04-24T08:02:27Z,combined,argocd-server-9c669c566-kmphd,1m,58Mi
2026-04-24T08:02:28Z,combined,argocd-application-controller-0,3m,161Mi
2026-04-24T08:02:28Z,combined,argocd-applicationset-controller-68fb4455bb-6d6k5,1m,25Mi
2026-04-24T08:02:28Z,combined,argocd-dex-server-76dcbcbc86-qmt95,1m,25Mi
2026-04-24T08:02:28Z,combined,argocd-notifications-controller-8495566bcf-6l7vb,1m,22Mi
2026-04-24T08:02:28Z,combined,argocd-redis-85cfb75bdd-44jsl,4m,9Mi
2026-04-24T08:02:28Z,combined,argocd-repo-server-9fd46496f-q9g6f,1m,35Mi
2026-04-24T08:02:28Z,combined,argocd-server-9c669c566-kmphd,1m,58Mi
2026-04-24T08:02:29Z,combined,argocd-application-controller-0,3m,161Mi
2026-04-24T08:02:29Z,combined,argocd-applicationset-controller-68fb4455bb-6d6k5,1m,25Mi
2026-04-24T08:02:29Z,combined,argocd-dex-server-76dcbcbc86-qmt95,1m,25Mi
2026-04-24T08:02:29Z,combined,argocd-notifications-controller-8495566bcf-6l7vb,1m,22Mi
2026-04-24T08:02:29Z,combined,argocd-redis-85cfb75bdd-44jsl,4m,9Mi
2026-04-24T08:02:29Z,combined,argocd-repo-server-9fd46496f-q9g6f,1m,35Mi
2026-04-24T08:02:29Z,combined,argocd-server-9c669c566-kmphd,1m,58Mi
2026-04-24T08:02:30Z,combined,argocd-application-controller-0,2m,165Mi
2026-04-24T08:02:30Z,combined,argocd-applicationset-controller-68fb4455bb-6d6k5,1m,25Mi
2026-04-24T08:02:30Z,combined,argocd-dex-server-76dcbcbc86-qmt95,1m,25Mi
2026-04-24T08:02:30Z,combined,argocd-notifications-controller-8495566bcf-6l7vb,1m,22Mi
2026-04-24T08:02:30Z,combined,argocd-redis-85cfb75bdd-44jsl,4m,9Mi
2026-04-24T08:02:30Z,combined,argocd-repo-server-9fd46496f-q9g6f,1m,35Mi
2026-04-24T08:02:30Z,combined,argocd-server-9c669c566-kmphd,1m,58Mi
2026-04-24T08:02:31Z,combined,argocd-application-controller-0,2m,165Mi
2026-04-24T08:02:31Z,combined,argocd-applicationset-controller-68fb4455bb-6d6k5,1m,25Mi
2026-04-24T08:02:31Z,combined,argocd-dex-server-76dcbcbc86-qmt95,1m,25Mi
2026-04-24T08:02:31Z,combined,argocd-notifications-controller-8495566bcf-6l7vb,1m,22Mi
2026-04-24T08:02:31Z,combined,argocd-redis-85cfb75bdd-44jsl,4m,9Mi
2026-04-24T08:02:31Z,combined,argocd-repo-server-9fd46496f-q9g6f,1m,35Mi
2026-04-24T08:02:31Z,combined,argocd-server-9c669c566-kmphd,1m,58Mi
2026-04-24T08:02:32Z,combined,argocd-application-controller-0,2m,165Mi
2026-04-24T08:02:32Z,combined,argocd-applicationset-controller-68fb4455bb-6d6k5,1m,25Mi
2026-04-24T08:02:32Z,combined,argocd-dex-server-76dcbcbc86-qmt95,1m,25Mi
2026-04-24T08:02:32Z,combined,argocd-notifications-controller-8495566bcf-6l7vb,1m,22Mi
2026-04-24T08:02:32Z,combined,argocd-redis-85cfb75bdd-44jsl,4m,9Mi
2026-04-24T08:02:32Z,combined,argocd-repo-server-9fd46496f-q9g6f,1m,35Mi
2026-04-24T08:02:32Z,combined,argocd-server-9c669c566-kmphd,1m,58Mi
2026-04-24T08:02:33Z,combined,argocd-application-controller-0,2m,165Mi
2026-04-24T08:02:33Z,combined,argocd-applicationset-controller-68fb4455bb-6d6k5,1m,25Mi
2026-04-24T08:02:33Z,combined,argocd-dex-server-76dcbcbc86-qmt95,1m,25Mi
2026-04-24T08:02:33Z,combined,argocd-notifications-controller-8495566bcf-6l7vb,1m,22Mi
2026-04-24T08:02:33Z,combined,argocd-redis-85cfb75bdd-44jsl,4m,9Mi
2026-04-24T08:02:33Z,combined,argocd-repo-server-9fd46496f-q9g6f,1m,35Mi
2026-04-24T08:02:33Z,combined,argocd-server-9c669c566-kmphd,1m,58Mi
2026-04-24T08:02:35Z,combined,argocd-application-controller-0,2m,165Mi
2026-04-24T08:02:35Z,combined,argocd-applicationset-controller-68fb4455bb-6d6k5,1m,25Mi
2026-04-24T08:02:35Z,combined,argocd-dex-server-76dcbcbc86-qmt95,1m,25Mi
2026-04-24T08:02:35Z,combined,argocd-notifications-controller-8495566bcf-6l7vb,1m,22Mi
2026-04-24T08:02:35Z,combined,argocd-redis-85cfb75bdd-44jsl,4m,9Mi
2026-04-24T08:02:35Z,combined,argocd-repo-server-9fd46496f-q9g6f,1m,35Mi
2026-04-24T08:02:35Z,combined,argocd-server-9c669c566-kmphd,1m,58Mi
2026-04-24T08:02:36Z,combined,argocd-application-controller-0,2m,165Mi
2026-04-24T08:02:36Z,combined,argocd-applicationset-controller-68fb4455bb-6d6k5,1m,25Mi
2026-04-24T08:02:36Z,combined,argocd-dex-server-76dcbcbc86-qmt95,1m,25Mi
2026-04-24T08:02:36Z,combined,argocd-notifications-controller-8495566bcf-6l7vb,1m,22Mi
2026-04-24T08:02:36Z,combined,argocd-redis-85cfb75bdd-44jsl,4m,9Mi
2026-04-24T08:02:36Z,combined,argocd-repo-server-9fd46496f-q9g6f,1m,35Mi
2026-04-24T08:02:36Z,combined,argocd-server-9c669c566-kmphd,1m,58Mi
2026-04-24T08:02:37Z,combined,argocd-application-controller-0,2m,165Mi
2026-04-24T08:02:37Z,combined,argocd-applicationset-controller-68fb4455bb-6d6k5,1m,25Mi
2026-04-24T08:02:37Z,combined,argocd-dex-server-76dcbcbc86-qmt95,1m,25Mi
2026-04-24T08:02:37Z,combined,argocd-notifications-controller-8495566bcf-6l7vb,1m,22Mi
2026-04-24T08:02:37Z,combined,argocd-redis-85cfb75bdd-44jsl,4m,9Mi
2026-04-24T08:02:37Z,combined,argocd-repo-server-9fd46496f-q9g6f,1m,35Mi
2026-04-24T08:02:37Z,combined,argocd-server-9c669c566-kmphd,1m,58Mi
2026-04-24T08:02:38Z,combined,argocd-application-controller-0,2m,165Mi
2026-04-24T08:02:38Z,combined,argocd-applicationset-controller-68fb4455bb-6d6k5,1m,25Mi
2026-04-24T08:02:38Z,combined,argocd-dex-server-76dcbcbc86-qmt95,1m,25Mi
2026-04-24T08:02:38Z,combined,argocd-notifications-controller-8495566bcf-6l7vb,1m,22Mi
2026-04-24T08:02:38Z,combined,argocd-redis-85cfb75bdd-44jsl,4m,9Mi
2026-04-24T08:02:38Z,combined,argocd-repo-server-9fd46496f-q9g6f,1m,35Mi
2026-04-24T08:02:38Z,combined,argocd-server-9c669c566-kmphd,1m,58Mi
2026-04-24T08:02:39Z,combined,argocd-application-controller-0,2m,165Mi
2026-04-24T08:02:39Z,combined,argocd-applicationset-controller-68fb4455bb-6d6k5,1m,25Mi
2026-04-24T08:02:39Z,combined,argocd-dex-server-76dcbcbc86-qmt95,1m,25Mi
2026-04-24T08:02:39Z,combined,argocd-notifications-controller-8495566bcf-6l7vb,1m,22Mi
2026-04-24T08:02:39Z,combined,argocd-redis-85cfb75bdd-44jsl,4m,9Mi
2026-04-24T08:02:39Z,combined,argocd-repo-server-9fd46496f-q9g6f,1m,35Mi
2026-04-24T08:02:39Z,combined,argocd-server-9c669c566-kmphd,1m,58Mi
2026-04-24T08:02:40Z,combined,argocd-application-controller-0,2m,165Mi
2026-04-24T08:02:40Z,combined,argocd-applicationset-controller-68fb4455bb-6d6k5,1m,25Mi
2026-04-24T08:02:40Z,combined,argocd-dex-server-76dcbcbc86-qmt95,1m,25Mi
2026-04-24T08:02:40Z,combined,argocd-notifications-controller-8495566bcf-6l7vb,1m,22Mi
2026-04-24T08:02:40Z,combined,argocd-redis-85cfb75bdd-44jsl,4m,9Mi
2026-04-24T08:02:40Z,combined,argocd-repo-server-9fd46496f-q9g6f,1m,35Mi
2026-04-24T08:02:40Z,combined,argocd-server-9c669c566-kmphd,1m,58Mi
2026-04-24T08:02:41Z,combined,argocd-application-controller-0,2m,165Mi
2026-04-24T08:02:41Z,combined,argocd-applicationset-controller-68fb4455bb-6d6k5,1m,25Mi
2026-04-24T08:02:41Z,combined,argocd-dex-server-76dcbcbc86-qmt95,1m,25Mi
2026-04-24T08:02:41Z,combined,argocd-notifications-controller-8495566bcf-6l7vb,1m,22Mi
2026-04-24T08:02:41Z,combined,argocd-redis-85cfb75bdd-44jsl,4m,9Mi
2026-04-24T08:02:41Z,combined,argocd-repo-server-9fd46496f-q9g6f,1m,35Mi
2026-04-24T08:02:41Z,combined,argocd-server-9c669c566-kmphd,1m,58Mi
2026-04-24T08:02:42Z,combined,argocd-application-controller-0,2m,165Mi
2026-04-24T08:02:42Z,combined,argocd-applicationset-controller-68fb4455bb-6d6k5,1m,25Mi
2026-04-24T08:02:42Z,combined,argocd-dex-server-76dcbcbc86-qmt95,1m,25Mi
2026-04-24T08:02:42Z,combined,argocd-notifications-controller-8495566bcf-6l7vb,1m,22Mi
2026-04-24T08:02:42Z,combined,argocd-redis-85cfb75bdd-44jsl,4m,9Mi
2026-04-24T08:02:42Z,combined,argocd-repo-server-9fd46496f-q9g6f,1m,35Mi
2026-04-24T08:02:42Z,combined,argocd-server-9c669c566-kmphd,1m,58Mi
2026-04-24T08:02:43Z,combined,argocd-application-controller-0,2m,165Mi
2026-04-24T08:02:43Z,combined,argocd-applicationset-controller-68fb4455bb-6d6k5,1m,25Mi
2026-04-24T08:02:43Z,combined,argocd-dex-server-76dcbcbc86-qmt95,1m,25Mi
2026-04-24T08:02:43Z,combined,argocd-notifications-controller-8495566bcf-6l7vb,1m,22Mi
2026-04-24T08:02:43Z,combined,argocd-redis-85cfb75bdd-44jsl,4m,9Mi
2026-04-24T08:02:43Z,combined,argocd-repo-server-9fd46496f-q9g6f,1m,35Mi
2026-04-24T08:02:43Z,combined,argocd-server-9c669c566-kmphd,1m,58Mi
2026-04-24T08:02:44Z,combined,argocd-application-controller-0,2m,165Mi
2026-04-24T08:02:44Z,combined,argocd-applicationset-controller-68fb4455bb-6d6k5,1m,25Mi
2026-04-24T08:02:44Z,combined,argocd-dex-server-76dcbcbc86-qmt95,1m,25Mi
2026-04-24T08:02:44Z,combined,argocd-notifications-controller-8495566bcf-6l7vb,1m,22Mi
2026-04-24T08:02:44Z,combined,argocd-redis-85cfb75bdd-44jsl,4m,9Mi
2026-04-24T08:02:44Z,combined,argocd-repo-server-9fd46496f-q9g6f,1m,35Mi
2026-04-24T08:02:44Z,combined,argocd-server-9c669c566-kmphd,1m,58Mi
2026-04-24T08:02:45Z,combined,argocd-application-controller-0,2m,165Mi
2026-04-24T08:02:45Z,combined,argocd-applicationset-controller-68fb4455bb-6d6k5,1m,25Mi
2026-04-24T08:02:45Z,combined,argocd-dex-server-76dcbcbc86-qmt95,1m,25Mi
2026-04-24T08:02:45Z,combined,argocd-notifications-controller-8495566bcf-6l7vb,1m,22Mi
2026-04-24T08:02:45Z,combined,argocd-redis-85cfb75bdd-44jsl,4m,9Mi
2026-04-24T08:02:45Z,combined,argocd-repo-server-9fd46496f-q9g6f,1m,35Mi
2026-04-24T08:02:45Z,combined,argocd-server-9c669c566-kmphd,1m,58Mi
2026-04-24T08:02:47Z,combined,argocd-application-controller-0,2m,165Mi
2026-04-24T08:02:47Z,combined,argocd-applicationset-controller-68fb4455bb-6d6k5,1m,25Mi
2026-04-24T08:02:47Z,combined,argocd-dex-server-76dcbcbc86-qmt95,1m,25Mi
2026-04-24T08:02:47Z,combined,argocd-notifications-controller-8495566bcf-6l7vb,1m,22Mi
2026-04-24T08:02:47Z,combined,argocd-redis-85cfb75bdd-44jsl,4m,9Mi
2026-04-24T08:02:47Z,combined,argocd-repo-server-9fd46496f-q9g6f,1m,35Mi
2026-04-24T08:02:47Z,combined,argocd-server-9c669c566-kmphd,1m,58Mi
2026-04-24T08:02:49Z,combined,argocd-application-controller-0,2m,165Mi
2026-04-24T08:02:49Z,combined,argocd-applicationset-controller-68fb4455bb-6d6k5,1m,25Mi
2026-04-24T08:02:49Z,combined,argocd-dex-server-76dcbcbc86-qmt95,1m,25Mi
2026-04-24T08:02:49Z,combined,argocd-notifications-controller-8495566bcf-6l7vb,1m,22Mi
2026-04-24T08:02:49Z,combined,argocd-redis-85cfb75bdd-44jsl,4m,9Mi
2026-04-24T08:02:49Z,combined,argocd-repo-server-9fd46496f-q9g6f,1m,35Mi
2026-04-24T08:02:49Z,combined,argocd-server-9c669c566-kmphd,1m,58Mi
2026-04-24T08:02:50Z,combined,argocd-application-controller-0,2m,165Mi
2026-04-24T08:02:50Z,combined,argocd-applicationset-controller-68fb4455bb-6d6k5,1m,25Mi
2026-04-24T08:02:50Z,combined,argocd-dex-server-76dcbcbc86-qmt95,1m,25Mi
2026-04-24T08:02:50Z,combined,argocd-notifications-controller-8495566bcf-6l7vb,1m,22Mi
2026-04-24T08:02:50Z,combined,argocd-redis-85cfb75bdd-44jsl,4m,9Mi
2026-04-24T08:02:50Z,combined,argocd-repo-server-9fd46496f-q9g6f,1m,35Mi
2026-04-24T08:02:50Z,combined,argocd-server-9c669c566-kmphd,1m,58Mi
2026-04-24T08:02:52Z,combined,argocd-application-controller-0,2m,165Mi
2026-04-24T08:02:52Z,combined,argocd-applicationset-controller-68fb4455bb-6d6k5,1m,25Mi
2026-04-24T08:02:52Z,combined,argocd-dex-server-76dcbcbc86-qmt95,1m,25Mi
2026-04-24T08:02:52Z,combined,argocd-notifications-controller-8495566bcf-6l7vb,1m,22Mi
2026-04-24T08:02:52Z,combined,argocd-redis-85cfb75bdd-44jsl,4m,9Mi
2026-04-24T08:02:52Z,combined,argocd-repo-server-9fd46496f-q9g6f,1m,35Mi
2026-04-24T08:02:52Z,combined,argocd-server-9c669c566-kmphd,1m,58Mi
2026-04-24T08:02:53Z,combined,argocd-application-controller-0,2m,165Mi
2026-04-24T08:02:53Z,combined,argocd-applicationset-controller-68fb4455bb-6d6k5,1m,25Mi
2026-04-24T08:02:53Z,combined,argocd-dex-server-76dcbcbc86-qmt95,1m,25Mi
2026-04-24T08:02:53Z,combined,argocd-notifications-controller-8495566bcf-6l7vb,1m,22Mi
2026-04-24T08:02:53Z,combined,argocd-redis-85cfb75bdd-44jsl,4m,9Mi
2026-04-24T08:02:53Z,combined,argocd-repo-server-9fd46496f-q9g6f,1m,35Mi
2026-04-24T08:02:53Z,combined,argocd-server-9c669c566-kmphd,1m,58Mi
2026-04-24T08:02:54Z,combined,argocd-application-controller-0,2m,165Mi
2026-04-24T08:02:54Z,combined,argocd-applicationset-controller-68fb4455bb-6d6k5,1m,25Mi
2026-04-24T08:02:54Z,combined,argocd-dex-server-76dcbcbc86-qmt95,1m,25Mi
2026-04-24T08:02:54Z,combined,argocd-notifications-controller-8495566bcf-6l7vb,1m,22Mi
2026-04-24T08:02:54Z,combined,argocd-redis-85cfb75bdd-44jsl,4m,9Mi
2026-04-24T08:02:54Z,combined,argocd-repo-server-9fd46496f-q9g6f,1m,35Mi
2026-04-24T08:02:54Z,combined,argocd-server-9c669c566-kmphd,1m,58Mi
2026-04-24T08:02:56Z,combined,argocd-application-controller-0,2m,165Mi
2026-04-24T08:02:56Z,combined,argocd-applicationset-controller-68fb4455bb-6d6k5,1m,25Mi
2026-04-24T08:02:56Z,combined,argocd-dex-server-76dcbcbc86-qmt95,1m,25Mi
2026-04-24T08:02:56Z,combined,argocd-notifications-controller-8495566bcf-6l7vb,1m,22Mi
2026-04-24T08:02:56Z,combined,argocd-redis-85cfb75bdd-44jsl,4m,9Mi
2026-04-24T08:02:56Z,combined,argocd-repo-server-9fd46496f-q9g6f,1m,35Mi
2026-04-24T08:02:56Z,combined,argocd-server-9c669c566-kmphd,1m,58Mi
2026-04-24T08:02:58Z,combined,argocd-application-controller-0,2m,165Mi
2026-04-24T08:02:58Z,combined,argocd-applicationset-controller-68fb4455bb-6d6k5,1m,25Mi
2026-04-24T08:02:58Z,combined,argocd-dex-server-76dcbcbc86-qmt95,1m,25Mi
2026-04-24T08:02:58Z,combined,argocd-notifications-controller-8495566bcf-6l7vb,1m,22Mi
2026-04-24T08:02:58Z,combined,argocd-redis-85cfb75bdd-44jsl,4m,9Mi
2026-04-24T08:02:58Z,combined,argocd-repo-server-9fd46496f-q9g6f,1m,35Mi
2026-04-24T08:02:58Z,combined,argocd-server-9c669c566-kmphd,1m,58Mi
2026-04-24T08:03:00Z,combined,argocd-application-controller-0,2m,165Mi
2026-04-24T08:03:00Z,combined,argocd-applicationset-controller-68fb4455bb-6d6k5,1m,25Mi
2026-04-24T08:03:00Z,combined,argocd-dex-server-76dcbcbc86-qmt95,1m,25Mi
2026-04-24T08:03:00Z,combined,argocd-notifications-controller-8495566bcf-6l7vb,1m,22Mi
2026-04-24T08:03:00Z,combined,argocd-redis-85cfb75bdd-44jsl,4m,9Mi
2026-04-24T08:03:00Z,combined,argocd-repo-server-9fd46496f-q9g6f,1m,35Mi
2026-04-24T08:03:00Z,combined,argocd-server-9c669c566-kmphd,1m,58Mi
2026-04-24T08:03:01Z,combined,argocd-application-controller-0,2m,165Mi
2026-04-24T08:03:01Z,combined,argocd-applicationset-controller-68fb4455bb-6d6k5,1m,25Mi
2026-04-24T08:03:01Z,combined,argocd-dex-server-76dcbcbc86-qmt95,1m,25Mi
2026-04-24T08:03:01Z,combined,argocd-notifications-controller-8495566bcf-6l7vb,1m,22Mi
2026-04-24T08:03:01Z,combined,argocd-redis-85cfb75bdd-44jsl,4m,9Mi
2026-04-24T08:03:01Z,combined,argocd-repo-server-9fd46496f-q9g6f,1m,35Mi
2026-04-24T08:03:01Z,combined,argocd-server-9c669c566-kmphd,1m,58Mi
2026-04-24T08:03:02Z,combined,argocd-application-controller-0,2m,165Mi
2026-04-24T08:03:02Z,combined,argocd-applicationset-controller-68fb4455bb-6d6k5,1m,25Mi
2026-04-24T08:03:02Z,combined,argocd-dex-server-76dcbcbc86-qmt95,1m,25Mi
2026-04-24T08:03:02Z,combined,argocd-notifications-controller-8495566bcf-6l7vb,1m,22Mi
2026-04-24T08:03:02Z,combined,argocd-redis-85cfb75bdd-44jsl,4m,9Mi
2026-04-24T08:03:02Z,combined,argocd-repo-server-9fd46496f-q9g6f,1m,35Mi
2026-04-24T08:03:02Z,combined,argocd-server-9c669c566-kmphd,1m,58Mi
2026-04-24T08:03:03Z,combined,argocd-application-controller-0,2m,165Mi
2026-04-24T08:03:03Z,combined,argocd-applicationset-controller-68fb4455bb-6d6k5,1m,25Mi
2026-04-24T08:03:03Z,combined,argocd-dex-server-76dcbcbc86-qmt95,1m,25Mi
2026-04-24T08:03:03Z,combined,argocd-notifications-controller-8495566bcf-6l7vb,1m,22Mi
2026-04-24T08:03:03Z,combined,argocd-redis-85cfb75bdd-44jsl,4m,9Mi
2026-04-24T08:03:03Z,combined,argocd-repo-server-9fd46496f-q9g6f,1m,35Mi
2026-04-24T08:03:03Z,combined,argocd-server-9c669c566-kmphd,1m,58Mi
2026-04-24T08:03:04Z,combined,argocd-application-controller-0,2m,165Mi
2026-04-24T08:03:04Z,combined,argocd-applicationset-controller-68fb4455bb-6d6k5,1m,25Mi
2026-04-24T08:03:04Z,combined,argocd-dex-server-76dcbcbc86-qmt95,1m,25Mi
2026-04-24T08:03:04Z,combined,argocd-notifications-controller-8495566bcf-6l7vb,1m,22Mi
2026-04-24T08:03:04Z,combined,argocd-redis-85cfb75bdd-44jsl,4m,9Mi
2026-04-24T08:03:04Z,combined,argocd-repo-server-9fd46496f-q9g6f,1m,35Mi
2026-04-24T08:03:04Z,combined,argocd-server-9c669c566-kmphd,1m,58Mi
2026-04-24T08:03:05Z,combined,argocd-application-controller-0,2m,165Mi
2026-04-24T08:03:05Z,combined,argocd-applicationset-controller-68fb4455bb-6d6k5,1m,25Mi
2026-04-24T08:03:05Z,combined,argocd-dex-server-76dcbcbc86-qmt95,1m,25Mi
2026-04-24T08:03:05Z,combined,argocd-notifications-controller-8495566bcf-6l7vb,1m,22Mi
2026-04-24T08:03:05Z,combined,argocd-redis-85cfb75bdd-44jsl,4m,9Mi
2026-04-24T08:03:05Z,combined,argocd-repo-server-9fd46496f-q9g6f,1m,35Mi
2026-04-24T08:03:05Z,combined,argocd-server-9c669c566-kmphd,1m,58Mi
2026-04-24T08:03:06Z,combined,argocd-application-controller-0,2m,165Mi
2026-04-24T08:03:06Z,combined,argocd-applicationset-controller-68fb4455bb-6d6k5,1m,25Mi
2026-04-24T08:03:06Z,combined,argocd-dex-server-76dcbcbc86-qmt95,1m,25Mi
2026-04-24T08:03:06Z,combined,argocd-notifications-controller-8495566bcf-6l7vb,1m,22Mi
2026-04-24T08:03:06Z,combined,argocd-redis-85cfb75bdd-44jsl,4m,9Mi
2026-04-24T08:03:06Z,combined,argocd-repo-server-9fd46496f-q9g6f,1m,35Mi
2026-04-24T08:03:06Z,combined,argocd-server-9c669c566-kmphd,1m,58Mi
2026-04-24T08:03:07Z,combined,argocd-application-controller-0,2m,165Mi
2026-04-24T08:03:07Z,combined,argocd-applicationset-controller-68fb4455bb-6d6k5,1m,25Mi
2026-04-24T08:03:07Z,combined,argocd-dex-server-76dcbcbc86-qmt95,1m,25Mi
2026-04-24T08:03:07Z,combined,argocd-notifications-controller-8495566bcf-6l7vb,1m,22Mi
2026-04-24T08:03:07Z,combined,argocd-redis-85cfb75bdd-44jsl,4m,9Mi
2026-04-24T08:03:07Z,combined,argocd-repo-server-9fd46496f-q9g6f,1m,35Mi
2026-04-24T08:03:07Z,combined,argocd-server-9c669c566-kmphd,1m,58Mi
2026-04-24T08:03:08Z,combined,argocd-application-controller-0,2m,165Mi
2026-04-24T08:03:08Z,combined,argocd-applicationset-controller-68fb4455bb-6d6k5,1m,25Mi
2026-04-24T08:03:08Z,combined,argocd-dex-server-76dcbcbc86-qmt95,1m,25Mi
2026-04-24T08:03:08Z,combined,argocd-notifications-controller-8495566bcf-6l7vb,1m,22Mi
2026-04-24T08:03:08Z,combined,argocd-redis-85cfb75bdd-44jsl,4m,9Mi
2026-04-24T08:03:08Z,combined,argocd-repo-server-9fd46496f-q9g6f,1m,35Mi
2026-04-24T08:03:08Z,combined,argocd-server-9c669c566-kmphd,1m,58Mi
2026-04-24T08:03:09Z,combined,argocd-application-controller-0,2m,165Mi
2026-04-24T08:03:09Z,combined,argocd-applicationset-controller-68fb4455bb-6d6k5,1m,25Mi
2026-04-24T08:03:09Z,combined,argocd-dex-server-76dcbcbc86-qmt95,1m,25Mi
2026-04-24T08:03:09Z,combined,argocd-notifications-controller-8495566bcf-6l7vb,1m,22Mi
2026-04-24T08:03:09Z,combined,argocd-redis-85cfb75bdd-44jsl,4m,9Mi
2026-04-24T08:03:09Z,combined,argocd-repo-server-9fd46496f-q9g6f,1m,35Mi
2026-04-24T08:03:09Z,combined,argocd-server-9c669c566-kmphd,1m,58Mi
2026-04-24T08:03:10Z,combined,argocd-application-controller-0,2m,165Mi
2026-04-24T08:03:10Z,combined,argocd-applicationset-controller-68fb4455bb-6d6k5,1m,25Mi
2026-04-24T08:03:10Z,combined,argocd-dex-server-76dcbcbc86-qmt95,1m,25Mi
2026-04-24T08:03:10Z,combined,argocd-notifications-controller-8495566bcf-6l7vb,1m,22Mi
2026-04-24T08:03:10Z,combined,argocd-redis-85cfb75bdd-44jsl,4m,9Mi
2026-04-24T08:03:10Z,combined,argocd-repo-server-9fd46496f-q9g6f,1m,35Mi
2026-04-24T08:03:10Z,combined,argocd-server-9c669c566-kmphd,1m,58Mi
2026-04-24T08:03:11Z,combined,argocd-application-controller-0,2m,165Mi
2026-04-24T08:03:11Z,combined,argocd-applicationset-controller-68fb4455bb-6d6k5,1m,25Mi
2026-04-24T08:03:11Z,combined,argocd-dex-server-76dcbcbc86-qmt95,1m,25Mi
2026-04-24T08:03:11Z,combined,argocd-notifications-controller-8495566bcf-6l7vb,1m,22Mi
2026-04-24T08:03:11Z,combined,argocd-redis-85cfb75bdd-44jsl,4m,9Mi
2026-04-24T08:03:11Z,combined,argocd-repo-server-9fd46496f-q9g6f,1m,35Mi
2026-04-24T08:03:11Z,combined,argocd-server-9c669c566-kmphd,1m,58Mi
2026-04-24T08:03:13Z,combined,argocd-application-controller-0,2m,165Mi
2026-04-24T08:03:13Z,combined,argocd-applicationset-controller-68fb4455bb-6d6k5,1m,25Mi
2026-04-24T08:03:13Z,combined,argocd-dex-server-76dcbcbc86-qmt95,1m,25Mi
2026-04-24T08:03:13Z,combined,argocd-notifications-controller-8495566bcf-6l7vb,1m,22Mi
2026-04-24T08:03:13Z,combined,argocd-redis-85cfb75bdd-44jsl,4m,9Mi
2026-04-24T08:03:13Z,combined,argocd-repo-server-9fd46496f-q9g6f,1m,35Mi
2026-04-24T08:03:13Z,combined,argocd-server-9c669c566-kmphd,1m,58Mi
2026-04-24T08:03:14Z,combined,argocd-application-controller-0,2m,165Mi
2026-04-24T08:03:14Z,combined,argocd-applicationset-controller-68fb4455bb-6d6k5,1m,25Mi
2026-04-24T08:03:14Z,combined,argocd-dex-server-76dcbcbc86-qmt95,1m,25Mi
2026-04-24T08:03:14Z,combined,argocd-notifications-controller-8495566bcf-6l7vb,1m,22Mi
2026-04-24T08:03:14Z,combined,argocd-redis-85cfb75bdd-44jsl,4m,9Mi
2026-04-24T08:03:14Z,combined,argocd-repo-server-9fd46496f-q9g6f,1m,35Mi
2026-04-24T08:03:14Z,combined,argocd-server-9c669c566-kmphd,1m,58Mi
2026-04-24T08:03:16Z,combined,argocd-application-controller-0,2m,165Mi
2026-04-24T08:03:16Z,combined,argocd-applicationset-controller-68fb4455bb-6d6k5,1m,25Mi
2026-04-24T08:03:16Z,combined,argocd-dex-server-76dcbcbc86-qmt95,1m,25Mi
2026-04-24T08:03:16Z,combined,argocd-notifications-controller-8495566bcf-6l7vb,1m,22Mi
2026-04-24T08:03:16Z,combined,argocd-redis-85cfb75bdd-44jsl,4m,9Mi
2026-04-24T08:03:16Z,combined,argocd-repo-server-9fd46496f-q9g6f,1m,35Mi
2026-04-24T08:03:16Z,combined,argocd-server-9c669c566-kmphd,1m,58Mi
2026-04-24T08:03:17Z,combined,argocd-application-controller-0,2m,165Mi
2026-04-24T08:03:17Z,combined,argocd-applicationset-controller-68fb4455bb-6d6k5,1m,25Mi
2026-04-24T08:03:17Z,combined,argocd-dex-server-76dcbcbc86-qmt95,1m,25Mi
2026-04-24T08:03:17Z,combined,argocd-notifications-controller-8495566bcf-6l7vb,1m,22Mi
2026-04-24T08:03:17Z,combined,argocd-redis-85cfb75bdd-44jsl,4m,9Mi
2026-04-24T08:03:17Z,combined,argocd-repo-server-9fd46496f-q9g6f,1m,35Mi
2026-04-24T08:03:17Z,combined,argocd-server-9c669c566-kmphd,1m,58Mi
2026-04-24T08:03:18Z,combined,argocd-application-controller-0,2m,165Mi
2026-04-24T08:03:18Z,combined,argocd-applicationset-controller-68fb4455bb-6d6k5,1m,25Mi
2026-04-24T08:03:18Z,combined,argocd-dex-server-76dcbcbc86-qmt95,1m,25Mi
2026-04-24T08:03:18Z,combined,argocd-notifications-controller-8495566bcf-6l7vb,1m,22Mi
2026-04-24T08:03:18Z,combined,argocd-redis-85cfb75bdd-44jsl,4m,9Mi
2026-04-24T08:03:18Z,combined,argocd-repo-server-9fd46496f-q9g6f,1m,35Mi
2026-04-24T08:03:18Z,combined,argocd-server-9c669c566-kmphd,1m,58Mi
2026-04-24T08:03:19Z,combined,argocd-application-controller-0,2m,165Mi
2026-04-24T08:03:19Z,combined,argocd-applicationset-controller-68fb4455bb-6d6k5,1m,25Mi
2026-04-24T08:03:19Z,combined,argocd-dex-server-76dcbcbc86-qmt95,1m,25Mi
2026-04-24T08:03:19Z,combined,argocd-notifications-controller-8495566bcf-6l7vb,1m,22Mi
2026-04-24T08:03:19Z,combined,argocd-redis-85cfb75bdd-44jsl,4m,9Mi
2026-04-24T08:03:19Z,combined,argocd-repo-server-9fd46496f-q9g6f,1m,35Mi
2026-04-24T08:03:19Z,combined,argocd-server-9c669c566-kmphd,1m,58Mi
2026-04-24T08:03:21Z,combined,argocd-application-controller-0,2m,165Mi
2026-04-24T08:03:21Z,combined,argocd-applicationset-controller-68fb4455bb-6d6k5,1m,25Mi
2026-04-24T08:03:21Z,combined,argocd-dex-server-76dcbcbc86-qmt95,1m,25Mi
2026-04-24T08:03:21Z,combined,argocd-notifications-controller-8495566bcf-6l7vb,1m,22Mi
2026-04-24T08:03:21Z,combined,argocd-redis-85cfb75bdd-44jsl,4m,9Mi
2026-04-24T08:03:21Z,combined,argocd-repo-server-9fd46496f-q9g6f,1m,35Mi
2026-04-24T08:03:21Z,combined,argocd-server-9c669c566-kmphd,1m,58Mi
2026-04-24T08:03:22Z,combined,argocd-application-controller-0,2m,165Mi
2026-04-24T08:03:22Z,combined,argocd-applicationset-controller-68fb4455bb-6d6k5,1m,25Mi
2026-04-24T08:03:22Z,combined,argocd-dex-server-76dcbcbc86-qmt95,1m,25Mi
2026-04-24T08:03:22Z,combined,argocd-notifications-controller-8495566bcf-6l7vb,1m,22Mi
2026-04-24T08:03:22Z,combined,argocd-redis-85cfb75bdd-44jsl,4m,9Mi
2026-04-24T08:03:22Z,combined,argocd-repo-server-9fd46496f-q9g6f,1m,35Mi
2026-04-24T08:03:22Z,combined,argocd-server-9c669c566-kmphd,1m,58Mi
2026-04-24T08:03:23Z,combined,argocd-application-controller-0,2m,165Mi
2026-04-24T08:03:23Z,combined,argocd-applicationset-controller-68fb4455bb-6d6k5,1m,25Mi
2026-04-24T08:03:23Z,combined,argocd-dex-server-76dcbcbc86-qmt95,1m,25Mi
2026-04-24T08:03:23Z,combined,argocd-notifications-controller-8495566bcf-6l7vb,1m,22Mi
2026-04-24T08:03:23Z,combined,argocd-redis-85cfb75bdd-44jsl,4m,9Mi
2026-04-24T08:03:23Z,combined,argocd-repo-server-9fd46496f-q9g6f,1m,35Mi
2026-04-24T08:03:23Z,combined,argocd-server-9c669c566-kmphd,1m,58Mi
2026-04-24T08:03:24Z,combined,argocd-application-controller-0,2m,165Mi
2026-04-24T08:03:24Z,combined,argocd-applicationset-controller-68fb4455bb-6d6k5,1m,25Mi
2026-04-24T08:03:24Z,combined,argocd-dex-server-76dcbcbc86-qmt95,1m,25Mi
2026-04-24T08:03:24Z,combined,argocd-notifications-controller-8495566bcf-6l7vb,1m,22Mi
2026-04-24T08:03:24Z,combined,argocd-redis-85cfb75bdd-44jsl,4m,9Mi
2026-04-24T08:03:24Z,combined,argocd-repo-server-9fd46496f-q9g6f,1m,35Mi
2026-04-24T08:03:24Z,combined,argocd-server-9c669c566-kmphd,1m,58Mi
2026-04-24T08:03:25Z,combined,argocd-application-controller-0,2m,165Mi
2026-04-24T08:03:25Z,combined,argocd-applicationset-controller-68fb4455bb-6d6k5,1m,25Mi
2026-04-24T08:03:25Z,combined,argocd-dex-server-76dcbcbc86-qmt95,1m,25Mi
2026-04-24T08:03:25Z,combined,argocd-notifications-controller-8495566bcf-6l7vb,1m,22Mi
2026-04-24T08:03:25Z,combined,argocd-redis-85cfb75bdd-44jsl,4m,9Mi
2026-04-24T08:03:25Z,combined,argocd-repo-server-9fd46496f-q9g6f,1m,35Mi
2026-04-24T08:03:25Z,combined,argocd-server-9c669c566-kmphd,1m,58Mi
2026-04-24T08:03:26Z,combined,argocd-application-controller-0,2m,165Mi
2026-04-24T08:03:26Z,combined,argocd-applicationset-controller-68fb4455bb-6d6k5,1m,25Mi
2026-04-24T08:03:26Z,combined,argocd-dex-server-76dcbcbc86-qmt95,1m,25Mi
2026-04-24T08:03:26Z,combined,argocd-notifications-controller-8495566bcf-6l7vb,1m,22Mi
2026-04-24T08:03:26Z,combined,argocd-redis-85cfb75bdd-44jsl,4m,9Mi
2026-04-24T08:03:26Z,combined,argocd-repo-server-9fd46496f-q9g6f,1m,35Mi
2026-04-24T08:03:26Z,combined,argocd-server-9c669c566-kmphd,1m,58Mi
2026-04-24T08:03:27Z,combined,argocd-application-controller-0,2m,165Mi
2026-04-24T08:03:27Z,combined,argocd-applicationset-controller-68fb4455bb-6d6k5,1m,25Mi
2026-04-24T08:03:27Z,combined,argocd-dex-server-76dcbcbc86-qmt95,1m,25Mi
2026-04-24T08:03:27Z,combined,argocd-notifications-controller-8495566bcf-6l7vb,1m,22Mi
2026-04-24T08:03:27Z,combined,argocd-redis-85cfb75bdd-44jsl,4m,9Mi
2026-04-24T08:03:27Z,combined,argocd-repo-server-9fd46496f-q9g6f,1m,35Mi
2026-04-24T08:03:27Z,combined,argocd-server-9c669c566-kmphd,1m,58Mi
2026-04-24T08:03:28Z,combined,argocd-application-controller-0,2m,165Mi
2026-04-24T08:03:28Z,combined,argocd-applicationset-controller-68fb4455bb-6d6k5,1m,25Mi
2026-04-24T08:03:28Z,combined,argocd-dex-server-76dcbcbc86-qmt95,1m,25Mi
2026-04-24T08:03:28Z,combined,argocd-notifications-controller-8495566bcf-6l7vb,1m,22Mi
2026-04-24T08:03:28Z,combined,argocd-redis-85cfb75bdd-44jsl,4m,9Mi
2026-04-24T08:03:28Z,combined,argocd-repo-server-9fd46496f-q9g6f,1m,35Mi
2026-04-24T08:03:28Z,combined,argocd-server-9c669c566-kmphd,1m,58Mi
2026-04-24T08:03:29Z,combined,argocd-application-controller-0,2m,165Mi
2026-04-24T08:03:29Z,combined,argocd-applicationset-controller-68fb4455bb-6d6k5,1m,25Mi
2026-04-24T08:03:29Z,combined,argocd-dex-server-76dcbcbc86-qmt95,1m,25Mi
2026-04-24T08:03:29Z,combined,argocd-notifications-controller-8495566bcf-6l7vb,1m,22Mi
2026-04-24T08:03:29Z,combined,argocd-redis-85cfb75bdd-44jsl,4m,9Mi
2026-04-24T08:03:29Z,combined,argocd-repo-server-9fd46496f-q9g6f,1m,35Mi
2026-04-24T08:03:29Z,combined,argocd-server-9c669c566-kmphd,1m,58Mi
2026-04-24T08:03:30Z,combined,argocd-application-controller-0,11m,170Mi
2026-04-24T08:03:30Z,combined,argocd-applicationset-controller-68fb4455bb-6d6k5,1m,25Mi
2026-04-24T08:03:30Z,combined,argocd-dex-server-76dcbcbc86-qmt95,1m,25Mi
2026-04-24T08:03:30Z,combined,argocd-notifications-controller-8495566bcf-6l7vb,1m,22Mi
2026-04-24T08:03:30Z,combined,argocd-redis-85cfb75bdd-44jsl,4m,9Mi
2026-04-24T08:03:30Z,combined,argocd-repo-server-9fd46496f-q9g6f,1m,35Mi
2026-04-24T08:03:30Z,combined,argocd-server-9c669c566-kmphd,1m,58Mi
2026-04-24T08:03:31Z,combined,argocd-application-controller-0,8m,170Mi
2026-04-24T08:03:31Z,combined,argocd-applicationset-controller-68fb4455bb-6d6k5,1m,25Mi
2026-04-24T08:03:31Z,combined,argocd-dex-server-76dcbcbc86-qmt95,1m,25Mi
2026-04-24T08:03:31Z,combined,argocd-notifications-controller-8495566bcf-6l7vb,1m,22Mi
2026-04-24T08:03:31Z,combined,argocd-redis-85cfb75bdd-44jsl,4m,9Mi
2026-04-24T08:03:31Z,combined,argocd-repo-server-9fd46496f-q9g6f,1m,35Mi
2026-04-24T08:03:31Z,combined,argocd-server-9c669c566-kmphd,1m,58Mi
2026-04-24T08:03:32Z,combined,argocd-application-controller-0,11m,170Mi
2026-04-24T08:03:32Z,combined,argocd-applicationset-controller-68fb4455bb-6d6k5,1m,25Mi
2026-04-24T08:03:32Z,combined,argocd-dex-server-76dcbcbc86-qmt95,1m,25Mi
2026-04-24T08:03:32Z,combined,argocd-notifications-controller-8495566bcf-6l7vb,1m,22Mi
2026-04-24T08:03:32Z,combined,argocd-redis-85cfb75bdd-44jsl,4m,9Mi
2026-04-24T08:03:32Z,combined,argocd-repo-server-9fd46496f-q9g6f,1m,35Mi
2026-04-24T08:03:32Z,combined,argocd-server-9c669c566-kmphd,1m,58Mi
2026-04-24T08:03:33Z,combined,argocd-application-controller-0,8m,170Mi
2026-04-24T08:03:33Z,combined,argocd-applicationset-controller-68fb4455bb-6d6k5,1m,25Mi
2026-04-24T08:03:33Z,combined,argocd-dex-server-76dcbcbc86-qmt95,1m,25Mi
2026-04-24T08:03:33Z,combined,argocd-notifications-controller-8495566bcf-6l7vb,1m,22Mi
2026-04-24T08:03:33Z,combined,argocd-redis-85cfb75bdd-44jsl,4m,9Mi
2026-04-24T08:03:33Z,combined,argocd-repo-server-9fd46496f-q9g6f,1m,35Mi
2026-04-24T08:03:33Z,combined,argocd-server-9c669c566-kmphd,1m,58Mi
2026-04-24T08:03:34Z,combined,argocd-application-controller-0,11m,170Mi
2026-04-24T08:03:34Z,combined,argocd-applicationset-controller-68fb4455bb-6d6k5,1m,25Mi
2026-04-24T08:03:34Z,combined,argocd-dex-server-76dcbcbc86-qmt95,1m,25Mi
2026-04-24T08:03:34Z,combined,argocd-notifications-controller-8495566bcf-6l7vb,1m,22Mi
2026-04-24T08:03:34Z,combined,argocd-redis-85cfb75bdd-44jsl,4m,9Mi
2026-04-24T08:03:34Z,combined,argocd-repo-server-9fd46496f-q9g6f,1m,35Mi
2026-04-24T08:03:34Z,combined,argocd-server-9c669c566-kmphd,1m,58Mi
2026-04-24T08:03:35Z,combined,argocd-application-controller-0,8m,170Mi
2026-04-24T08:03:35Z,combined,argocd-applicationset-controller-68fb4455bb-6d6k5,1m,25Mi
2026-04-24T08:03:35Z,combined,argocd-dex-server-76dcbcbc86-qmt95,1m,25Mi
2026-04-24T08:03:35Z,combined,argocd-notifications-controller-8495566bcf-6l7vb,1m,22Mi
2026-04-24T08:03:35Z,combined,argocd-redis-85cfb75bdd-44jsl,4m,9Mi
2026-04-24T08:03:35Z,combined,argocd-repo-server-9fd46496f-q9g6f,1m,35Mi
2026-04-24T08:03:35Z,combined,argocd-server-9c669c566-kmphd,1m,58Mi
2026-04-24T08:03:36Z,combined,argocd-application-controller-0,8m,170Mi
2026-04-24T08:03:36Z,combined,argocd-applicationset-controller-68fb4455bb-6d6k5,1m,25Mi
2026-04-24T08:03:36Z,combined,argocd-dex-server-76dcbcbc86-qmt95,1m,25Mi
2026-04-24T08:03:36Z,combined,argocd-notifications-controller-8495566bcf-6l7vb,1m,22Mi
2026-04-24T08:03:36Z,combined,argocd-redis-85cfb75bdd-44jsl,4m,9Mi
2026-04-24T08:03:36Z,combined,argocd-repo-server-9fd46496f-q9g6f,1m,35Mi
2026-04-24T08:03:36Z,combined,argocd-server-9c669c566-kmphd,1m,58Mi
2026-04-24T08:03:37Z,combined,argocd-application-controller-0,11m,170Mi
2026-04-24T08:03:37Z,combined,argocd-applicationset-controller-68fb4455bb-6d6k5,1m,25Mi
2026-04-24T08:03:37Z,combined,argocd-dex-server-76dcbcbc86-qmt95,1m,25Mi
2026-04-24T08:03:37Z,combined,argocd-notifications-controller-8495566bcf-6l7vb,1m,22Mi
2026-04-24T08:03:37Z,combined,argocd-redis-85cfb75bdd-44jsl,4m,9Mi
2026-04-24T08:03:37Z,combined,argocd-repo-server-9fd46496f-q9g6f,1m,35Mi
2026-04-24T08:03:37Z,combined,argocd-server-9c669c566-kmphd,1m,58Mi
2026-04-24T08:03:38Z,combined,argocd-application-controller-0,8m,170Mi
2026-04-24T08:03:38Z,combined,argocd-applicationset-controller-68fb4455bb-6d6k5,1m,25Mi
2026-04-24T08:03:38Z,combined,argocd-dex-server-76dcbcbc86-qmt95,1m,25Mi
2026-04-24T08:03:38Z,combined,argocd-notifications-controller-8495566bcf-6l7vb,1m,22Mi
2026-04-24T08:03:38Z,combined,argocd-redis-85cfb75bdd-44jsl,4m,9Mi
2026-04-24T08:03:38Z,combined,argocd-repo-server-9fd46496f-q9g6f,1m,35Mi
2026-04-24T08:03:38Z,combined,argocd-server-9c669c566-kmphd,1m,58Mi
2026-04-24T08:03:40Z,combined,argocd-application-controller-0,11m,170Mi
2026-04-24T08:03:40Z,combined,argocd-applicationset-controller-68fb4455bb-6d6k5,1m,25Mi
2026-04-24T08:03:40Z,combined,argocd-dex-server-76dcbcbc86-qmt95,1m,25Mi
2026-04-24T08:03:40Z,combined,argocd-notifications-controller-8495566bcf-6l7vb,1m,22Mi
2026-04-24T08:03:40Z,combined,argocd-redis-85cfb75bdd-44jsl,4m,9Mi
2026-04-24T08:03:40Z,combined,argocd-repo-server-9fd46496f-q9g6f,1m,35Mi
2026-04-24T08:03:40Z,combined,argocd-server-9c669c566-kmphd,1m,58Mi
2026-04-24T08:03:41Z,combined,argocd-application-controller-0,8m,170Mi
2026-04-24T08:03:41Z,combined,argocd-applicationset-controller-68fb4455bb-6d6k5,1m,25Mi
2026-04-24T08:03:41Z,combined,argocd-dex-server-76dcbcbc86-qmt95,1m,25Mi
2026-04-24T08:03:41Z,combined,argocd-notifications-controller-8495566bcf-6l7vb,1m,22Mi
2026-04-24T08:03:41Z,combined,argocd-redis-85cfb75bdd-44jsl,4m,9Mi
2026-04-24T08:03:41Z,combined,argocd-repo-server-9fd46496f-q9g6f,1m,35Mi
2026-04-24T08:03:41Z,combined,argocd-server-9c669c566-kmphd,1m,58Mi
2026-04-24T08:03:42Z,combined,argocd-application-controller-0,11m,170Mi
2026-04-24T08:03:42Z,combined,argocd-applicationset-controller-68fb4455bb-6d6k5,1m,25Mi
2026-04-24T08:03:42Z,combined,argocd-dex-server-76dcbcbc86-qmt95,1m,25Mi
2026-04-24T08:03:42Z,combined,argocd-notifications-controller-8495566bcf-6l7vb,1m,22Mi
2026-04-24T08:03:42Z,combined,argocd-redis-85cfb75bdd-44jsl,4m,9Mi
2026-04-24T08:03:42Z,combined,argocd-repo-server-9fd46496f-q9g6f,1m,35Mi
2026-04-24T08:03:42Z,combined,argocd-server-9c669c566-kmphd,1m,58Mi
2026-04-24T08:03:43Z,combined,argocd-application-controller-0,8m,170Mi
2026-04-24T08:03:43Z,combined,argocd-applicationset-controller-68fb4455bb-6d6k5,1m,25Mi
2026-04-24T08:03:43Z,combined,argocd-dex-server-76dcbcbc86-qmt95,1m,25Mi
2026-04-24T08:03:43Z,combined,argocd-notifications-controller-8495566bcf-6l7vb,1m,22Mi
2026-04-24T08:03:43Z,combined,argocd-redis-85cfb75bdd-44jsl,4m,9Mi
2026-04-24T08:03:43Z,combined,argocd-repo-server-9fd46496f-q9g6f,1m,35Mi
2026-04-24T08:03:43Z,combined,argocd-server-9c669c566-kmphd,1m,58Mi
2026-04-24T08:03:44Z,combined,argocd-application-controller-0,11m,170Mi
2026-04-24T08:03:44Z,combined,argocd-applicationset-controller-68fb4455bb-6d6k5,1m,25Mi
2026-04-24T08:03:44Z,combined,argocd-dex-server-76dcbcbc86-qmt95,1m,25Mi
2026-04-24T08:03:44Z,combined,argocd-notifications-controller-8495566bcf-6l7vb,1m,22Mi
2026-04-24T08:03:44Z,combined,argocd-redis-85cfb75bdd-44jsl,4m,9Mi
2026-04-24T08:03:44Z,combined,argocd-repo-server-9fd46496f-q9g6f,1m,35Mi
2026-04-24T08:03:44Z,combined,argocd-server-9c669c566-kmphd,1m,58Mi
2026-04-24T08:03:45Z,combined,argocd-application-controller-0,11m,170Mi
2026-04-24T08:03:45Z,combined,argocd-applicationset-controller-68fb4455bb-6d6k5,1m,25Mi
2026-04-24T08:03:45Z,combined,argocd-dex-server-76dcbcbc86-qmt95,1m,25Mi
2026-04-24T08:03:45Z,combined,argocd-notifications-controller-8495566bcf-6l7vb,1m,22Mi
2026-04-24T08:03:45Z,combined,argocd-redis-85cfb75bdd-44jsl,4m,9Mi
2026-04-24T08:03:45Z,combined,argocd-repo-server-9fd46496f-q9g6f,1m,35Mi
2026-04-24T08:03:45Z,combined,argocd-server-9c669c566-kmphd,1m,58Mi
2026-04-24T08:03:46Z,combined,argocd-application-controller-0,8m,170Mi
2026-04-24T08:03:46Z,combined,argocd-applicationset-controller-68fb4455bb-6d6k5,1m,25Mi
2026-04-24T08:03:46Z,combined,argocd-dex-server-76dcbcbc86-qmt95,1m,25Mi
2026-04-24T08:03:46Z,combined,argocd-notifications-controller-8495566bcf-6l7vb,1m,22Mi
2026-04-24T08:03:46Z,combined,argocd-redis-85cfb75bdd-44jsl,4m,9Mi
2026-04-24T08:03:46Z,combined,argocd-repo-server-9fd46496f-q9g6f,1m,35Mi
2026-04-24T08:03:46Z,combined,argocd-server-9c669c566-kmphd,1m,58Mi
2026-04-24T08:03:47Z,combined,argocd-application-controller-0,11m,170Mi
2026-04-24T08:03:47Z,combined,argocd-applicationset-controller-68fb4455bb-6d6k5,1m,25Mi
2026-04-24T08:03:47Z,combined,argocd-dex-server-76dcbcbc86-qmt95,1m,25Mi
2026-04-24T08:03:47Z,combined,argocd-notifications-controller-8495566bcf-6l7vb,1m,22Mi
2026-04-24T08:03:47Z,combined,argocd-redis-85cfb75bdd-44jsl,4m,9Mi
2026-04-24T08:03:47Z,combined,argocd-repo-server-9fd46496f-q9g6f,1m,35Mi
2026-04-24T08:03:47Z,combined,argocd-server-9c669c566-kmphd,1m,58Mi
2026-04-24T08:03:48Z,combined,argocd-application-controller-0,11m,170Mi
2026-04-24T08:03:48Z,combined,argocd-applicationset-controller-68fb4455bb-6d6k5,1m,25Mi
2026-04-24T08:03:48Z,combined,argocd-dex-server-76dcbcbc86-qmt95,1m,25Mi
2026-04-24T08:03:48Z,combined,argocd-notifications-controller-8495566bcf-6l7vb,1m,22Mi
2026-04-24T08:03:48Z,combined,argocd-redis-85cfb75bdd-44jsl,4m,9Mi
2026-04-24T08:03:48Z,combined,argocd-repo-server-9fd46496f-q9g6f,1m,35Mi
2026-04-24T08:03:48Z,combined,argocd-server-9c669c566-kmphd,1m,58Mi
2026-04-24T08:03:49Z,combined,argocd-application-controller-0,8m,170Mi
2026-04-24T08:03:49Z,combined,argocd-applicationset-controller-68fb4455bb-6d6k5,1m,25Mi
2026-04-24T08:03:49Z,combined,argocd-dex-server-76dcbcbc86-qmt95,1m,25Mi
2026-04-24T08:03:49Z,combined,argocd-notifications-controller-8495566bcf-6l7vb,1m,22Mi
2026-04-24T08:03:49Z,combined,argocd-redis-85cfb75bdd-44jsl,4m,9Mi
2026-04-24T08:03:49Z,combined,argocd-repo-server-9fd46496f-q9g6f,1m,35Mi
2026-04-24T08:03:49Z,combined,argocd-server-9c669c566-kmphd,1m,58Mi
2026-04-24T08:03:51Z,combined,argocd-application-controller-0,11m,170Mi
2026-04-24T08:03:51Z,combined,argocd-applicationset-controller-68fb4455bb-6d6k5,1m,25Mi
2026-04-24T08:03:51Z,combined,argocd-dex-server-76dcbcbc86-qmt95,1m,25Mi
2026-04-24T08:03:51Z,combined,argocd-notifications-controller-8495566bcf-6l7vb,1m,22Mi
2026-04-24T08:03:51Z,combined,argocd-redis-85cfb75bdd-44jsl,4m,9Mi
2026-04-24T08:03:51Z,combined,argocd-repo-server-9fd46496f-q9g6f,1m,35Mi
2026-04-24T08:03:51Z,combined,argocd-server-9c669c566-kmphd,1m,58Mi
2026-04-24T08:03:52Z,combined,argocd-application-controller-0,11m,170Mi
2026-04-24T08:03:52Z,combined,argocd-applicationset-controller-68fb4455bb-6d6k5,1m,25Mi
2026-04-24T08:03:52Z,combined,argocd-dex-server-76dcbcbc86-qmt95,1m,25Mi
2026-04-24T08:03:52Z,combined,argocd-notifications-controller-8495566bcf-6l7vb,1m,22Mi
2026-04-24T08:03:52Z,combined,argocd-redis-85cfb75bdd-44jsl,4m,9Mi
2026-04-24T08:03:52Z,combined,argocd-repo-server-9fd46496f-q9g6f,1m,35Mi
2026-04-24T08:03:52Z,combined,argocd-server-9c669c566-kmphd,1m,58Mi
2026-04-24T08:03:54Z,combined,argocd-application-controller-0,8m,170Mi
2026-04-24T08:03:54Z,combined,argocd-applicationset-controller-68fb4455bb-6d6k5,1m,25Mi
2026-04-24T08:03:54Z,combined,argocd-dex-server-76dcbcbc86-qmt95,1m,25Mi
2026-04-24T08:03:54Z,combined,argocd-notifications-controller-8495566bcf-6l7vb,1m,22Mi
2026-04-24T08:03:54Z,combined,argocd-redis-85cfb75bdd-44jsl,4m,9Mi
2026-04-24T08:03:54Z,combined,argocd-repo-server-9fd46496f-q9g6f,1m,35Mi
2026-04-24T08:03:54Z,combined,argocd-server-9c669c566-kmphd,1m,58Mi
2026-04-24T08:03:55Z,combined,argocd-application-controller-0,11m,170Mi
2026-04-24T08:03:55Z,combined,argocd-applicationset-controller-68fb4455bb-6d6k5,1m,25Mi
2026-04-24T08:03:55Z,combined,argocd-dex-server-76dcbcbc86-qmt95,1m,25Mi
2026-04-24T08:03:55Z,combined,argocd-notifications-controller-8495566bcf-6l7vb,1m,22Mi
2026-04-24T08:03:55Z,combined,argocd-redis-85cfb75bdd-44jsl,4m,9Mi
2026-04-24T08:03:55Z,combined,argocd-repo-server-9fd46496f-q9g6f,1m,35Mi
2026-04-24T08:03:55Z,combined,argocd-server-9c669c566-kmphd,1m,58Mi
2026-04-24T08:03:56Z,combined,argocd-application-controller-0,11m,170Mi
2026-04-24T08:03:56Z,combined,argocd-applicationset-controller-68fb4455bb-6d6k5,1m,25Mi
2026-04-24T08:03:56Z,combined,argocd-dex-server-76dcbcbc86-qmt95,1m,25Mi
2026-04-24T08:03:56Z,combined,argocd-notifications-controller-8495566bcf-6l7vb,1m,22Mi
2026-04-24T08:03:56Z,combined,argocd-redis-85cfb75bdd-44jsl,4m,9Mi
2026-04-24T08:03:56Z,combined,argocd-repo-server-9fd46496f-q9g6f,1m,35Mi
2026-04-24T08:03:56Z,combined,argocd-server-9c669c566-kmphd,1m,58Mi
2026-04-24T08:03:58Z,combined,argocd-application-controller-0,8m,170Mi
2026-04-24T08:03:58Z,combined,argocd-applicationset-controller-68fb4455bb-6d6k5,1m,25Mi
2026-04-24T08:03:58Z,combined,argocd-dex-server-76dcbcbc86-qmt95,1m,25Mi
2026-04-24T08:03:58Z,combined,argocd-notifications-controller-8495566bcf-6l7vb,1m,22Mi
2026-04-24T08:03:58Z,combined,argocd-redis-85cfb75bdd-44jsl,4m,9Mi
2026-04-24T08:03:58Z,combined,argocd-repo-server-9fd46496f-q9g6f,1m,35Mi
2026-04-24T08:03:58Z,combined,argocd-server-9c669c566-kmphd,1m,58Mi
2026-04-24T08:03:59Z,combined,argocd-application-controller-0,11m,170Mi
2026-04-24T08:03:59Z,combined,argocd-applicationset-controller-68fb4455bb-6d6k5,1m,25Mi
2026-04-24T08:03:59Z,combined,argocd-dex-server-76dcbcbc86-qmt95,1m,25Mi
2026-04-24T08:03:59Z,combined,argocd-notifications-controller-8495566bcf-6l7vb,1m,22Mi
2026-04-24T08:03:59Z,combined,argocd-redis-85cfb75bdd-44jsl,4m,9Mi
2026-04-24T08:03:59Z,combined,argocd-repo-server-9fd46496f-q9g6f,1m,35Mi
2026-04-24T08:03:59Z,combined,argocd-server-9c669c566-kmphd,1m,58Mi
2026-04-24T08:04:00Z,combined,argocd-application-controller-0,11m,170Mi
2026-04-24T08:04:00Z,combined,argocd-applicationset-controller-68fb4455bb-6d6k5,1m,25Mi
2026-04-24T08:04:00Z,combined,argocd-dex-server-76dcbcbc86-qmt95,1m,25Mi
2026-04-24T08:04:00Z,combined,argocd-notifications-controller-8495566bcf-6l7vb,1m,22Mi
2026-04-24T08:04:00Z,combined,argocd-redis-85cfb75bdd-44jsl,4m,9Mi
2026-04-24T08:04:00Z,combined,argocd-repo-server-9fd46496f-q9g6f,1m,35Mi
2026-04-24T08:04:00Z,combined,argocd-server-9c669c566-kmphd,1m,58Mi
2026-04-24T08:04:01Z,combined,argocd-application-controller-0,11m,170Mi
2026-04-24T08:04:01Z,combined,argocd-applicationset-controller-68fb4455bb-6d6k5,1m,25Mi
2026-04-24T08:04:01Z,combined,argocd-dex-server-76dcbcbc86-qmt95,1m,25Mi
2026-04-24T08:04:01Z,combined,argocd-notifications-controller-8495566bcf-6l7vb,1m,22Mi
2026-04-24T08:04:01Z,combined,argocd-redis-85cfb75bdd-44jsl,4m,9Mi
2026-04-24T08:04:01Z,combined,argocd-repo-server-9fd46496f-q9g6f,1m,35Mi
2026-04-24T08:04:01Z,combined,argocd-server-9c669c566-kmphd,1m,58Mi
2026-04-24T08:04:02Z,combined,argocd-application-controller-0,8m,170Mi
2026-04-24T08:04:02Z,combined,argocd-applicationset-controller-68fb4455bb-6d6k5,1m,25Mi
2026-04-24T08:04:02Z,combined,argocd-dex-server-76dcbcbc86-qmt95,1m,25Mi
2026-04-24T08:04:02Z,combined,argocd-notifications-controller-8495566bcf-6l7vb,1m,22Mi
2026-04-24T08:04:02Z,combined,argocd-redis-85cfb75bdd-44jsl,4m,9Mi
2026-04-24T08:04:02Z,combined,argocd-repo-server-9fd46496f-q9g6f,1m,35Mi
2026-04-24T08:04:02Z,combined,argocd-server-9c669c566-kmphd,1m,58Mi
2026-04-24T08:04:03Z,combined,argocd-application-controller-0,11m,170Mi
2026-04-24T08:04:03Z,combined,argocd-applicationset-controller-68fb4455bb-6d6k5,1m,25Mi
2026-04-24T08:04:03Z,combined,argocd-dex-server-76dcbcbc86-qmt95,1m,25Mi
2026-04-24T08:04:03Z,combined,argocd-notifications-controller-8495566bcf-6l7vb,1m,22Mi
2026-04-24T08:04:03Z,combined,argocd-redis-85cfb75bdd-44jsl,4m,9Mi
2026-04-24T08:04:03Z,combined,argocd-repo-server-9fd46496f-q9g6f,1m,35Mi
2026-04-24T08:04:03Z,combined,argocd-server-9c669c566-kmphd,1m,58Mi
2026-04-24T08:04:04Z,combined,argocd-application-controller-0,11m,170Mi
2026-04-24T08:04:04Z,combined,argocd-applicationset-controller-68fb4455bb-6d6k5,1m,25Mi
2026-04-24T08:04:04Z,combined,argocd-dex-server-76dcbcbc86-qmt95,1m,25Mi
2026-04-24T08:04:04Z,combined,argocd-notifications-controller-8495566bcf-6l7vb,1m,22Mi
2026-04-24T08:04:04Z,combined,argocd-redis-85cfb75bdd-44jsl,4m,9Mi
2026-04-24T08:04:04Z,combined,argocd-repo-server-9fd46496f-q9g6f,1m,35Mi
2026-04-24T08:04:04Z,combined,argocd-server-9c669c566-kmphd,1m,58Mi
2026-04-24T08:04:05Z,combined,argocd-application-controller-0,8m,170Mi
2026-04-24T08:04:05Z,combined,argocd-applicationset-controller-68fb4455bb-6d6k5,1m,25Mi
2026-04-24T08:04:05Z,combined,argocd-dex-server-76dcbcbc86-qmt95,1m,25Mi
2026-04-24T08:04:05Z,combined,argocd-notifications-controller-8495566bcf-6l7vb,1m,22Mi
2026-04-24T08:04:05Z,combined,argocd-redis-85cfb75bdd-44jsl,4m,9Mi
2026-04-24T08:04:05Z,combined,argocd-repo-server-9fd46496f-q9g6f,1m,35Mi
2026-04-24T08:04:05Z,combined,argocd-server-9c669c566-kmphd,1m,58Mi
2026-04-24T08:04:06Z,combined,argocd-application-controller-0,11m,170Mi
2026-04-24T08:04:06Z,combined,argocd-applicationset-controller-68fb4455bb-6d6k5,1m,25Mi
2026-04-24T08:04:06Z,combined,argocd-dex-server-76dcbcbc86-qmt95,1m,25Mi
2026-04-24T08:04:06Z,combined,argocd-notifications-controller-8495566bcf-6l7vb,1m,22Mi
2026-04-24T08:04:06Z,combined,argocd-redis-85cfb75bdd-44jsl,4m,9Mi
2026-04-24T08:04:06Z,combined,argocd-repo-server-9fd46496f-q9g6f,1m,35Mi
2026-04-24T08:04:06Z,combined,argocd-server-9c669c566-kmphd,1m,58Mi
2026-04-24T08:04:07Z,combined,argocd-application-controller-0,8m,170Mi
2026-04-24T08:04:07Z,combined,argocd-applicationset-controller-68fb4455bb-6d6k5,1m,25Mi
2026-04-24T08:04:07Z,combined,argocd-dex-server-76dcbcbc86-qmt95,1m,25Mi
2026-04-24T08:04:07Z,combined,argocd-notifications-controller-8495566bcf-6l7vb,1m,22Mi
2026-04-24T08:04:07Z,combined,argocd-redis-85cfb75bdd-44jsl,4m,9Mi
2026-04-24T08:04:07Z,combined,argocd-repo-server-9fd46496f-q9g6f,1m,35Mi
2026-04-24T08:04:07Z,combined,argocd-server-9c669c566-kmphd,1m,58Mi
2026-04-24T08:04:08Z,combined,argocd-application-controller-0,8m,170Mi
2026-04-24T08:04:08Z,combined,argocd-applicationset-controller-68fb4455bb-6d6k5,1m,25Mi
2026-04-24T08:04:08Z,combined,argocd-dex-server-76dcbcbc86-qmt95,1m,25Mi
2026-04-24T08:04:08Z,combined,argocd-notifications-controller-8495566bcf-6l7vb,1m,22Mi
2026-04-24T08:04:08Z,combined,argocd-redis-85cfb75bdd-44jsl,4m,9Mi
2026-04-24T08:04:08Z,combined,argocd-repo-server-9fd46496f-q9g6f,1m,35Mi
2026-04-24T08:04:08Z,combined,argocd-server-9c669c566-kmphd,1m,58Mi
2026-04-24T08:04:09Z,combined,argocd-application-controller-0,8m,170Mi
2026-04-24T08:04:09Z,combined,argocd-applicationset-controller-68fb4455bb-6d6k5,1m,25Mi
2026-04-24T08:04:09Z,combined,argocd-dex-server-76dcbcbc86-qmt95,1m,25Mi
2026-04-24T08:04:09Z,combined,argocd-notifications-controller-8495566bcf-6l7vb,1m,22Mi
2026-04-24T08:04:09Z,combined,argocd-redis-85cfb75bdd-44jsl,4m,9Mi
2026-04-24T08:04:09Z,combined,argocd-repo-server-9fd46496f-q9g6f,1m,35Mi
2026-04-24T08:04:09Z,combined,argocd-server-9c669c566-kmphd,1m,58Mi
2026-04-24T08:04:10Z,combined,argocd-application-controller-0,11m,170Mi
2026-04-24T08:04:10Z,combined,argocd-applicationset-controller-68fb4455bb-6d6k5,1m,25Mi
2026-04-24T08:04:10Z,combined,argocd-dex-server-76dcbcbc86-qmt95,1m,25Mi
2026-04-24T08:04:10Z,combined,argocd-notifications-controller-8495566bcf-6l7vb,1m,22Mi
2026-04-24T08:04:10Z,combined,argocd-redis-85cfb75bdd-44jsl,4m,9Mi
2026-04-24T08:04:10Z,combined,argocd-repo-server-9fd46496f-q9g6f,1m,35Mi
2026-04-24T08:04:10Z,combined,argocd-server-9c669c566-kmphd,1m,58Mi
2026-04-24T08:04:11Z,combined,argocd-application-controller-0,8m,170Mi
2026-04-24T08:04:11Z,combined,argocd-applicationset-controller-68fb4455bb-6d6k5,1m,25Mi
2026-04-24T08:04:11Z,combined,argocd-dex-server-76dcbcbc86-qmt95,1m,25Mi
2026-04-24T08:04:11Z,combined,argocd-notifications-controller-8495566bcf-6l7vb,1m,22Mi
2026-04-24T08:04:11Z,combined,argocd-redis-85cfb75bdd-44jsl,4m,9Mi
2026-04-24T08:04:11Z,combined,argocd-repo-server-9fd46496f-q9g6f,1m,35Mi
2026-04-24T08:04:11Z,combined,argocd-server-9c669c566-kmphd,1m,58Mi
2026-04-24T08:04:12Z,combined,argocd-application-controller-0,11m,170Mi
2026-04-24T08:04:12Z,combined,argocd-applicationset-controller-68fb4455bb-6d6k5,1m,25Mi
2026-04-24T08:04:12Z,combined,argocd-dex-server-76dcbcbc86-qmt95,1m,25Mi
2026-04-24T08:04:12Z,combined,argocd-notifications-controller-8495566bcf-6l7vb,1m,22Mi
2026-04-24T08:04:12Z,combined,argocd-redis-85cfb75bdd-44jsl,4m,9Mi
2026-04-24T08:04:12Z,combined,argocd-repo-server-9fd46496f-q9g6f,1m,35Mi
2026-04-24T08:04:12Z,combined,argocd-server-9c669c566-kmphd,1m,58Mi
2026-04-24T08:04:13Z,combined,argocd-application-controller-0,8m,170Mi
2026-04-24T08:04:13Z,combined,argocd-applicationset-controller-68fb4455bb-6d6k5,1m,25Mi
2026-04-24T08:04:13Z,combined,argocd-dex-server-76dcbcbc86-qmt95,1m,25Mi
2026-04-24T08:04:13Z,combined,argocd-notifications-controller-8495566bcf-6l7vb,1m,22Mi
2026-04-24T08:04:13Z,combined,argocd-redis-85cfb75bdd-44jsl,4m,9Mi
2026-04-24T08:04:13Z,combined,argocd-repo-server-9fd46496f-q9g6f,1m,35Mi
2026-04-24T08:04:13Z,combined,argocd-server-9c669c566-kmphd,1m,58Mi
2026-04-24T08:04:14Z,combined,argocd-application-controller-0,11m,170Mi
2026-04-24T08:04:14Z,combined,argocd-applicationset-controller-68fb4455bb-6d6k5,1m,25Mi
2026-04-24T08:04:14Z,combined,argocd-dex-server-76dcbcbc86-qmt95,1m,25Mi
2026-04-24T08:04:14Z,combined,argocd-notifications-controller-8495566bcf-6l7vb,1m,22Mi
2026-04-24T08:04:14Z,combined,argocd-redis-85cfb75bdd-44jsl,4m,9Mi
2026-04-24T08:04:14Z,combined,argocd-repo-server-9fd46496f-q9g6f,1m,35Mi
2026-04-24T08:04:14Z,combined,argocd-server-9c669c566-kmphd,1m,58Mi
2026-04-24T08:04:15Z,combined,argocd-application-controller-0,11m,170Mi
2026-04-24T08:04:15Z,combined,argocd-applicationset-controller-68fb4455bb-6d6k5,1m,25Mi
2026-04-24T08:04:15Z,combined,argocd-dex-server-76dcbcbc86-qmt95,1m,25Mi
2026-04-24T08:04:15Z,combined,argocd-notifications-controller-8495566bcf-6l7vb,1m,22Mi
2026-04-24T08:04:15Z,combined,argocd-redis-85cfb75bdd-44jsl,4m,9Mi
2026-04-24T08:04:15Z,combined,argocd-repo-server-9fd46496f-q9g6f,1m,35Mi
2026-04-24T08:04:15Z,combined,argocd-server-9c669c566-kmphd,1m,58Mi
2026-04-24T08:04:16Z,combined,argocd-application-controller-0,8m,170Mi
2026-04-24T08:04:16Z,combined,argocd-applicationset-controller-68fb4455bb-6d6k5,1m,25Mi
2026-04-24T08:04:16Z,combined,argocd-dex-server-76dcbcbc86-qmt95,1m,25Mi
2026-04-24T08:04:16Z,combined,argocd-notifications-controller-8495566bcf-6l7vb,1m,22Mi
2026-04-24T08:04:16Z,combined,argocd-redis-85cfb75bdd-44jsl,4m,9Mi
2026-04-24T08:04:16Z,combined,argocd-repo-server-9fd46496f-q9g6f,1m,35Mi
2026-04-24T08:04:16Z,combined,argocd-server-9c669c566-kmphd,1m,58Mi
2026-04-24T08:04:17Z,combined,argocd-application-controller-0,8m,170Mi
2026-04-24T08:04:17Z,combined,argocd-applicationset-controller-68fb4455bb-6d6k5,1m,25Mi
2026-04-24T08:04:17Z,combined,argocd-dex-server-76dcbcbc86-qmt95,1m,25Mi
2026-04-24T08:04:17Z,combined,argocd-notifications-controller-8495566bcf-6l7vb,1m,22Mi
2026-04-24T08:04:17Z,combined,argocd-redis-85cfb75bdd-44jsl,4m,9Mi
2026-04-24T08:04:17Z,combined,argocd-repo-server-9fd46496f-q9g6f,1m,35Mi
2026-04-24T08:04:17Z,combined,argocd-server-9c669c566-kmphd,1m,58Mi
2026-04-24T08:04:18Z,combined,argocd-application-controller-0,11m,170Mi
2026-04-24T08:04:18Z,combined,argocd-applicationset-controller-68fb4455bb-6d6k5,1m,25Mi
2026-04-24T08:04:18Z,combined,argocd-dex-server-76dcbcbc86-qmt95,1m,25Mi
2026-04-24T08:04:18Z,combined,argocd-notifications-controller-8495566bcf-6l7vb,1m,22Mi
2026-04-24T08:04:18Z,combined,argocd-redis-85cfb75bdd-44jsl,4m,9Mi
2026-04-24T08:04:18Z,combined,argocd-repo-server-9fd46496f-q9g6f,1m,35Mi
2026-04-24T08:04:18Z,combined,argocd-server-9c669c566-kmphd,1m,58Mi
2026-04-24T08:04:19Z,combined,argocd-application-controller-0,8m,170Mi
2026-04-24T08:04:19Z,combined,argocd-applicationset-controller-68fb4455bb-6d6k5,1m,25Mi
2026-04-24T08:04:19Z,combined,argocd-dex-server-76dcbcbc86-qmt95,1m,25Mi
2026-04-24T08:04:19Z,combined,argocd-notifications-controller-8495566bcf-6l7vb,1m,22Mi
2026-04-24T08:04:19Z,combined,argocd-redis-85cfb75bdd-44jsl,4m,9Mi
2026-04-24T08:04:19Z,combined,argocd-repo-server-9fd46496f-q9g6f,1m,35Mi
2026-04-24T08:04:19Z,combined,argocd-server-9c669c566-kmphd,1m,58Mi
2026-04-24T08:04:20Z,combined,argocd-application-controller-0,8m,170Mi
2026-04-24T08:04:20Z,combined,argocd-applicationset-controller-68fb4455bb-6d6k5,1m,25Mi
2026-04-24T08:04:20Z,combined,argocd-dex-server-76dcbcbc86-qmt95,1m,25Mi
2026-04-24T08:04:20Z,combined,argocd-notifications-controller-8495566bcf-6l7vb,1m,22Mi
2026-04-24T08:04:20Z,combined,argocd-redis-85cfb75bdd-44jsl,4m,9Mi
2026-04-24T08:04:20Z,combined,argocd-repo-server-9fd46496f-q9g6f,1m,35Mi
2026-04-24T08:04:20Z,combined,argocd-server-9c669c566-kmphd,1m,58Mi
2026-04-24T08:04:21Z,combined,argocd-application-controller-0,11m,170Mi
2026-04-24T08:04:21Z,combined,argocd-applicationset-controller-68fb4455bb-6d6k5,1m,25Mi
2026-04-24T08:04:21Z,combined,argocd-dex-server-76dcbcbc86-qmt95,1m,25Mi
2026-04-24T08:04:21Z,combined,argocd-notifications-controller-8495566bcf-6l7vb,1m,22Mi
2026-04-24T08:04:21Z,combined,argocd-redis-85cfb75bdd-44jsl,4m,9Mi
2026-04-24T08:04:21Z,combined,argocd-repo-server-9fd46496f-q9g6f,1m,35Mi
2026-04-24T08:04:21Z,combined,argocd-server-9c669c566-kmphd,1m,58Mi
2026-04-24T08:04:23Z,combined,argocd-application-controller-0,11m,170Mi
2026-04-24T08:04:23Z,combined,argocd-applicationset-controller-68fb4455bb-6d6k5,1m,25Mi
2026-04-24T08:04:23Z,combined,argocd-dex-server-76dcbcbc86-qmt95,1m,25Mi
2026-04-24T08:04:23Z,combined,argocd-notifications-controller-8495566bcf-6l7vb,1m,22Mi
2026-04-24T08:04:23Z,combined,argocd-redis-85cfb75bdd-44jsl,4m,9Mi
2026-04-24T08:04:23Z,combined,argocd-repo-server-9fd46496f-q9g6f,1m,35Mi
2026-04-24T08:04:23Z,combined,argocd-server-9c669c566-kmphd,1m,58Mi
2026-04-24T08:04:24Z,combined,argocd-application-controller-0,8m,170Mi
2026-04-24T08:04:24Z,combined,argocd-applicationset-controller-68fb4455bb-6d6k5,1m,25Mi
2026-04-24T08:04:24Z,combined,argocd-dex-server-76dcbcbc86-qmt95,1m,25Mi
2026-04-24T08:04:24Z,combined,argocd-notifications-controller-8495566bcf-6l7vb,1m,22Mi
2026-04-24T08:04:24Z,combined,argocd-redis-85cfb75bdd-44jsl,4m,9Mi
2026-04-24T08:04:24Z,combined,argocd-repo-server-9fd46496f-q9g6f,1m,35Mi
2026-04-24T08:04:24Z,combined,argocd-server-9c669c566-kmphd,1m,58Mi
2026-04-24T08:04:25Z,combined,argocd-application-controller-0,11m,170Mi
2026-04-24T08:04:25Z,combined,argocd-applicationset-controller-68fb4455bb-6d6k5,1m,25Mi
2026-04-24T08:04:25Z,combined,argocd-dex-server-76dcbcbc86-qmt95,1m,25Mi
2026-04-24T08:04:25Z,combined,argocd-notifications-controller-8495566bcf-6l7vb,1m,22Mi
2026-04-24T08:04:25Z,combined,argocd-redis-85cfb75bdd-44jsl,4m,9Mi
2026-04-24T08:04:25Z,combined,argocd-repo-server-9fd46496f-q9g6f,1m,35Mi
2026-04-24T08:04:25Z,combined,argocd-server-9c669c566-kmphd,1m,58Mi
2026-04-24T08:04:26Z,combined,argocd-application-controller-0,11m,170Mi
2026-04-24T08:04:26Z,combined,argocd-applicationset-controller-68fb4455bb-6d6k5,1m,25Mi
2026-04-24T08:04:26Z,combined,argocd-dex-server-76dcbcbc86-qmt95,1m,25Mi
2026-04-24T08:04:26Z,combined,argocd-notifications-controller-8495566bcf-6l7vb,1m,22Mi
2026-04-24T08:04:26Z,combined,argocd-redis-85cfb75bdd-44jsl,4m,9Mi
2026-04-24T08:04:26Z,combined,argocd-repo-server-9fd46496f-q9g6f,1m,35Mi
2026-04-24T08:04:26Z,combined,argocd-server-9c669c566-kmphd,1m,58Mi
2026-04-24T08:04:27Z,combined,argocd-application-controller-0,11m,170Mi
2026-04-24T08:04:27Z,combined,argocd-applicationset-controller-68fb4455bb-6d6k5,1m,25Mi
2026-04-24T08:04:27Z,combined,argocd-dex-server-76dcbcbc86-qmt95,1m,25Mi
2026-04-24T08:04:27Z,combined,argocd-notifications-controller-8495566bcf-6l7vb,1m,22Mi
2026-04-24T08:04:27Z,combined,argocd-redis-85cfb75bdd-44jsl,4m,9Mi
2026-04-24T08:04:27Z,combined,argocd-repo-server-9fd46496f-q9g6f,1m,35Mi
2026-04-24T08:04:27Z,combined,argocd-server-9c669c566-kmphd,1m,58Mi
2026-04-24T08:04:28Z,combined,argocd-application-controller-0,11m,170Mi
2026-04-24T08:04:28Z,combined,argocd-applicationset-controller-68fb4455bb-6d6k5,1m,25Mi
2026-04-24T08:04:28Z,combined,argocd-dex-server-76dcbcbc86-qmt95,1m,25Mi
2026-04-24T08:04:28Z,combined,argocd-notifications-controller-8495566bcf-6l7vb,1m,22Mi
2026-04-24T08:04:28Z,combined,argocd-redis-85cfb75bdd-44jsl,4m,9Mi
2026-04-24T08:04:28Z,combined,argocd-repo-server-9fd46496f-q9g6f,1m,35Mi
2026-04-24T08:04:28Z,combined,argocd-server-9c669c566-kmphd,1m,58Mi
2026-04-24T08:04:29Z,combined,argocd-application-controller-0,11m,170Mi
2026-04-24T08:04:29Z,combined,argocd-applicationset-controller-68fb4455bb-6d6k5,1m,25Mi
2026-04-24T08:04:29Z,combined,argocd-dex-server-76dcbcbc86-qmt95,1m,25Mi
2026-04-24T08:04:29Z,combined,argocd-notifications-controller-8495566bcf-6l7vb,1m,22Mi
2026-04-24T08:04:29Z,combined,argocd-redis-85cfb75bdd-44jsl,4m,9Mi
2026-04-24T08:04:29Z,combined,argocd-repo-server-9fd46496f-q9g6f,1m,35Mi
2026-04-24T08:04:29Z,combined,argocd-server-9c669c566-kmphd,1m,58Mi
2026-04-24T08:04:30Z,combined,argocd-application-controller-0,11m,170Mi
2026-04-24T08:04:30Z,combined,argocd-applicationset-controller-68fb4455bb-6d6k5,1m,25Mi
2026-04-24T08:04:30Z,combined,argocd-dex-server-76dcbcbc86-qmt95,1m,25Mi
2026-04-24T08:04:30Z,combined,argocd-notifications-controller-8495566bcf-6l7vb,1m,22Mi
2026-04-24T08:04:30Z,combined,argocd-redis-85cfb75bdd-44jsl,4m,9Mi
2026-04-24T08:04:30Z,combined,argocd-repo-server-9fd46496f-q9g6f,1m,35Mi
2026-04-24T08:04:30Z,combined,argocd-server-9c669c566-kmphd,1m,58Mi
2026-04-24T08:04:31Z,combined,argocd-application-controller-0,2m,170Mi
2026-04-24T08:04:31Z,combined,argocd-applicationset-controller-68fb4455bb-6d6k5,1m,25Mi
2026-04-24T08:04:31Z,combined,argocd-dex-server-76dcbcbc86-qmt95,1m,25Mi
2026-04-24T08:04:31Z,combined,argocd-notifications-controller-8495566bcf-6l7vb,1m,22Mi
2026-04-24T08:04:31Z,combined,argocd-redis-85cfb75bdd-44jsl,4m,9Mi
2026-04-24T08:04:31Z,combined,argocd-repo-server-9fd46496f-q9g6f,1m,35Mi
2026-04-24T08:04:31Z,combined,argocd-server-9c669c566-kmphd,1m,58Mi
2026-04-24T08:04:32Z,combined,argocd-application-controller-0,2m,170Mi
2026-04-24T08:04:32Z,combined,argocd-applicationset-controller-68fb4455bb-6d6k5,1m,25Mi
2026-04-24T08:04:32Z,combined,argocd-dex-server-76dcbcbc86-qmt95,1m,25Mi
2026-04-24T08:04:32Z,combined,argocd-notifications-controller-8495566bcf-6l7vb,1m,22Mi
2026-04-24T08:04:32Z,combined,argocd-redis-85cfb75bdd-44jsl,4m,9Mi
2026-04-24T08:04:32Z,combined,argocd-repo-server-9fd46496f-q9g6f,1m,35Mi
2026-04-24T08:04:32Z,combined,argocd-server-9c669c566-kmphd,1m,58Mi
2026-04-24T08:04:33Z,combined,argocd-application-controller-0,2m,170Mi
2026-04-24T08:04:33Z,combined,argocd-applicationset-controller-68fb4455bb-6d6k5,1m,25Mi
2026-04-24T08:04:33Z,combined,argocd-dex-server-76dcbcbc86-qmt95,1m,25Mi
2026-04-24T08:04:33Z,combined,argocd-notifications-controller-8495566bcf-6l7vb,1m,22Mi
2026-04-24T08:04:33Z,combined,argocd-redis-85cfb75bdd-44jsl,4m,9Mi
2026-04-24T08:04:33Z,combined,argocd-repo-server-9fd46496f-q9g6f,1m,35Mi
2026-04-24T08:04:33Z,combined,argocd-server-9c669c566-kmphd,1m,58Mi
2026-04-24T08:04:34Z,combined,argocd-application-controller-0,2m,170Mi
2026-04-24T08:04:34Z,combined,argocd-applicationset-controller-68fb4455bb-6d6k5,1m,25Mi
2026-04-24T08:04:34Z,combined,argocd-dex-server-76dcbcbc86-qmt95,1m,25Mi
2026-04-24T08:04:34Z,combined,argocd-notifications-controller-8495566bcf-6l7vb,1m,22Mi
2026-04-24T08:04:34Z,combined,argocd-redis-85cfb75bdd-44jsl,4m,9Mi
2026-04-24T08:04:34Z,combined,argocd-repo-server-9fd46496f-q9g6f,1m,35Mi
2026-04-24T08:04:34Z,combined,argocd-server-9c669c566-kmphd,1m,58Mi
2026-04-24T08:04:35Z,combined,argocd-application-controller-0,2m,170Mi
2026-04-24T08:04:35Z,combined,argocd-applicationset-controller-68fb4455bb-6d6k5,1m,25Mi
2026-04-24T08:04:35Z,combined,argocd-dex-server-76dcbcbc86-qmt95,1m,25Mi
2026-04-24T08:04:35Z,combined,argocd-notifications-controller-8495566bcf-6l7vb,1m,22Mi
2026-04-24T08:04:35Z,combined,argocd-redis-85cfb75bdd-44jsl,4m,9Mi
2026-04-24T08:04:35Z,combined,argocd-repo-server-9fd46496f-q9g6f,1m,35Mi
2026-04-24T08:04:35Z,combined,argocd-server-9c669c566-kmphd,1m,58Mi
2026-04-24T08:04:36Z,combined,argocd-application-controller-0,2m,170Mi
2026-04-24T08:04:36Z,combined,argocd-applicationset-controller-68fb4455bb-6d6k5,1m,25Mi
2026-04-24T08:04:36Z,combined,argocd-dex-server-76dcbcbc86-qmt95,1m,25Mi
2026-04-24T08:04:36Z,combined,argocd-notifications-controller-8495566bcf-6l7vb,1m,22Mi
2026-04-24T08:04:36Z,combined,argocd-redis-85cfb75bdd-44jsl,4m,9Mi
2026-04-24T08:04:36Z,combined,argocd-repo-server-9fd46496f-q9g6f,1m,35Mi
2026-04-24T08:04:36Z,combined,argocd-server-9c669c566-kmphd,1m,58Mi
2026-04-24T08:04:37Z,combined,argocd-application-controller-0,2m,170Mi
2026-04-24T08:04:37Z,combined,argocd-applicationset-controller-68fb4455bb-6d6k5,1m,25Mi
2026-04-24T08:04:37Z,combined,argocd-dex-server-76dcbcbc86-qmt95,1m,25Mi
2026-04-24T08:04:37Z,combined,argocd-notifications-controller-8495566bcf-6l7vb,1m,22Mi
2026-04-24T08:04:37Z,combined,argocd-redis-85cfb75bdd-44jsl,4m,9Mi
2026-04-24T08:04:37Z,combined,argocd-repo-server-9fd46496f-q9g6f,1m,35Mi
2026-04-24T08:04:37Z,combined,argocd-server-9c669c566-kmphd,1m,58Mi
2026-04-24T08:04:38Z,combined,argocd-application-controller-0,2m,170Mi
2026-04-24T08:04:38Z,combined,argocd-applicationset-controller-68fb4455bb-6d6k5,1m,25Mi
2026-04-24T08:04:38Z,combined,argocd-dex-server-76dcbcbc86-qmt95,1m,25Mi
2026-04-24T08:04:38Z,combined,argocd-notifications-controller-8495566bcf-6l7vb,1m,22Mi
2026-04-24T08:04:38Z,combined,argocd-redis-85cfb75bdd-44jsl,4m,9Mi
2026-04-24T08:04:38Z,combined,argocd-repo-server-9fd46496f-q9g6f,1m,35Mi
2026-04-24T08:04:38Z,combined,argocd-server-9c669c566-kmphd,1m,58Mi
2026-04-24T08:04:39Z,combined,argocd-application-controller-0,2m,170Mi
2026-04-24T08:04:39Z,combined,argocd-applicationset-controller-68fb4455bb-6d6k5,1m,25Mi
2026-04-24T08:04:39Z,combined,argocd-dex-server-76dcbcbc86-qmt95,1m,25Mi
2026-04-24T08:04:39Z,combined,argocd-notifications-controller-8495566bcf-6l7vb,1m,22Mi
2026-04-24T08:04:39Z,combined,argocd-redis-85cfb75bdd-44jsl,4m,9Mi
2026-04-24T08:04:39Z,combined,argocd-repo-server-9fd46496f-q9g6f,1m,35Mi
2026-04-24T08:04:39Z,combined,argocd-server-9c669c566-kmphd,1m,58Mi
2026-04-24T08:04:40Z,combined,argocd-application-controller-0,2m,170Mi
2026-04-24T08:04:40Z,combined,argocd-applicationset-controller-68fb4455bb-6d6k5,1m,25Mi
2026-04-24T08:04:40Z,combined,argocd-dex-server-76dcbcbc86-qmt95,1m,25Mi
2026-04-24T08:04:40Z,combined,argocd-notifications-controller-8495566bcf-6l7vb,1m,22Mi
2026-04-24T08:04:40Z,combined,argocd-redis-85cfb75bdd-44jsl,4m,9Mi
2026-04-24T08:04:40Z,combined,argocd-repo-server-9fd46496f-q9g6f,1m,35Mi
2026-04-24T08:04:40Z,combined,argocd-server-9c669c566-kmphd,1m,58Mi
2026-04-24T08:04:41Z,combined,argocd-application-controller-0,2m,170Mi
2026-04-24T08:04:41Z,combined,argocd-applicationset-controller-68fb4455bb-6d6k5,1m,25Mi
2026-04-24T08:04:41Z,combined,argocd-dex-server-76dcbcbc86-qmt95,1m,25Mi
2026-04-24T08:04:41Z,combined,argocd-notifications-controller-8495566bcf-6l7vb,1m,22Mi
2026-04-24T08:04:41Z,combined,argocd-redis-85cfb75bdd-44jsl,4m,9Mi
2026-04-24T08:04:41Z,combined,argocd-repo-server-9fd46496f-q9g6f,1m,35Mi
2026-04-24T08:04:41Z,combined,argocd-server-9c669c566-kmphd,1m,58Mi
2026-04-24T08:04:42Z,combined,argocd-application-controller-0,2m,170Mi
2026-04-24T08:04:42Z,combined,argocd-applicationset-controller-68fb4455bb-6d6k5,1m,25Mi
2026-04-24T08:04:42Z,combined,argocd-dex-server-76dcbcbc86-qmt95,1m,25Mi
2026-04-24T08:04:42Z,combined,argocd-notifications-controller-8495566bcf-6l7vb,1m,22Mi
2026-04-24T08:04:42Z,combined,argocd-redis-85cfb75bdd-44jsl,4m,9Mi
2026-04-24T08:04:42Z,combined,argocd-repo-server-9fd46496f-q9g6f,1m,35Mi
2026-04-24T08:04:42Z,combined,argocd-server-9c669c566-kmphd,1m,58Mi
2026-04-24T08:04:43Z,combined,argocd-application-controller-0,2m,170Mi
2026-04-24T08:04:43Z,combined,argocd-applicationset-controller-68fb4455bb-6d6k5,1m,25Mi
2026-04-24T08:04:43Z,combined,argocd-dex-server-76dcbcbc86-qmt95,1m,25Mi
2026-04-24T08:04:43Z,combined,argocd-notifications-controller-8495566bcf-6l7vb,1m,22Mi
2026-04-24T08:04:43Z,combined,argocd-redis-85cfb75bdd-44jsl,4m,9Mi
2026-04-24T08:04:43Z,combined,argocd-repo-server-9fd46496f-q9g6f,1m,35Mi
2026-04-24T08:04:43Z,combined,argocd-server-9c669c566-kmphd,1m,58Mi
2026-04-24T08:04:45Z,combined,argocd-application-controller-0,2m,170Mi
2026-04-24T08:04:45Z,combined,argocd-applicationset-controller-68fb4455bb-6d6k5,1m,25Mi
2026-04-24T08:04:45Z,combined,argocd-dex-server-76dcbcbc86-qmt95,1m,25Mi
2026-04-24T08:04:45Z,combined,argocd-notifications-controller-8495566bcf-6l7vb,1m,22Mi
2026-04-24T08:04:45Z,combined,argocd-redis-85cfb75bdd-44jsl,4m,9Mi
2026-04-24T08:04:45Z,combined,argocd-repo-server-9fd46496f-q9g6f,1m,35Mi
2026-04-24T08:04:45Z,combined,argocd-server-9c669c566-kmphd,1m,58Mi
2026-04-24T08:04:46Z,combined,argocd-application-controller-0,2m,170Mi
2026-04-24T08:04:46Z,combined,argocd-applicationset-controller-68fb4455bb-6d6k5,1m,25Mi
2026-04-24T08:04:46Z,combined,argocd-dex-server-76dcbcbc86-qmt95,1m,25Mi
2026-04-24T08:04:46Z,combined,argocd-notifications-controller-8495566bcf-6l7vb,1m,22Mi
2026-04-24T08:04:46Z,combined,argocd-redis-85cfb75bdd-44jsl,4m,9Mi
2026-04-24T08:04:46Z,combined,argocd-repo-server-9fd46496f-q9g6f,1m,35Mi
2026-04-24T08:04:46Z,combined,argocd-server-9c669c566-kmphd,1m,58Mi
2026-04-24T08:04:47Z,combined,argocd-application-controller-0,2m,170Mi
2026-04-24T08:04:47Z,combined,argocd-applicationset-controller-68fb4455bb-6d6k5,1m,25Mi
2026-04-24T08:04:47Z,combined,argocd-dex-server-76dcbcbc86-qmt95,1m,25Mi
2026-04-24T08:04:47Z,combined,argocd-notifications-controller-8495566bcf-6l7vb,1m,22Mi
2026-04-24T08:04:47Z,combined,argocd-redis-85cfb75bdd-44jsl,4m,9Mi
2026-04-24T08:04:47Z,combined,argocd-repo-server-9fd46496f-q9g6f,1m,35Mi
2026-04-24T08:04:47Z,combined,argocd-server-9c669c566-kmphd,1m,58Mi
2026-04-24T08:04:48Z,combined,argocd-application-controller-0,2m,170Mi
2026-04-24T08:04:48Z,combined,argocd-applicationset-controller-68fb4455bb-6d6k5,1m,25Mi
2026-04-24T08:04:48Z,combined,argocd-dex-server-76dcbcbc86-qmt95,1m,25Mi
2026-04-24T08:04:48Z,combined,argocd-notifications-controller-8495566bcf-6l7vb,1m,22Mi
2026-04-24T08:04:48Z,combined,argocd-redis-85cfb75bdd-44jsl,4m,9Mi
2026-04-24T08:04:48Z,combined,argocd-repo-server-9fd46496f-q9g6f,1m,35Mi
2026-04-24T08:04:48Z,combined,argocd-server-9c669c566-kmphd,1m,58Mi
2026-04-24T08:04:49Z,combined,argocd-application-controller-0,2m,170Mi
2026-04-24T08:04:49Z,combined,argocd-applicationset-controller-68fb4455bb-6d6k5,1m,25Mi
2026-04-24T08:04:49Z,combined,argocd-dex-server-76dcbcbc86-qmt95,1m,25Mi
2026-04-24T08:04:49Z,combined,argocd-notifications-controller-8495566bcf-6l7vb,1m,22Mi
2026-04-24T08:04:49Z,combined,argocd-redis-85cfb75bdd-44jsl,4m,9Mi
2026-04-24T08:04:49Z,combined,argocd-repo-server-9fd46496f-q9g6f,1m,35Mi
2026-04-24T08:04:49Z,combined,argocd-server-9c669c566-kmphd,1m,58Mi
2026-04-24T08:04:50Z,combined,argocd-application-controller-0,2m,170Mi
2026-04-24T08:04:50Z,combined,argocd-applicationset-controller-68fb4455bb-6d6k5,1m,25Mi
2026-04-24T08:04:50Z,combined,argocd-dex-server-76dcbcbc86-qmt95,1m,25Mi
2026-04-24T08:04:50Z,combined,argocd-notifications-controller-8495566bcf-6l7vb,1m,22Mi
2026-04-24T08:04:50Z,combined,argocd-redis-85cfb75bdd-44jsl,4m,9Mi
2026-04-24T08:04:50Z,combined,argocd-repo-server-9fd46496f-q9g6f,1m,35Mi
2026-04-24T08:04:50Z,combined,argocd-server-9c669c566-kmphd,1m,58Mi
2026-04-24T08:04:51Z,combined,argocd-application-controller-0,2m,170Mi
2026-04-24T08:04:51Z,combined,argocd-applicationset-controller-68fb4455bb-6d6k5,1m,25Mi
2026-04-24T08:04:51Z,combined,argocd-dex-server-76dcbcbc86-qmt95,1m,25Mi
2026-04-24T08:04:51Z,combined,argocd-notifications-controller-8495566bcf-6l7vb,1m,22Mi
2026-04-24T08:04:51Z,combined,argocd-redis-85cfb75bdd-44jsl,4m,9Mi
2026-04-24T08:04:51Z,combined,argocd-repo-server-9fd46496f-q9g6f,1m,35Mi
2026-04-24T08:04:51Z,combined,argocd-server-9c669c566-kmphd,1m,58Mi
2026-04-24T08:04:52Z,combined,argocd-application-controller-0,2m,170Mi
2026-04-24T08:04:52Z,combined,argocd-applicationset-controller-68fb4455bb-6d6k5,1m,25Mi
2026-04-24T08:04:52Z,combined,argocd-dex-server-76dcbcbc86-qmt95,1m,25Mi
2026-04-24T08:04:52Z,combined,argocd-notifications-controller-8495566bcf-6l7vb,1m,22Mi
2026-04-24T08:04:52Z,combined,argocd-redis-85cfb75bdd-44jsl,4m,9Mi
2026-04-24T08:04:52Z,combined,argocd-repo-server-9fd46496f-q9g6f,1m,35Mi
2026-04-24T08:04:52Z,combined,argocd-server-9c669c566-kmphd,1m,58Mi
2026-04-24T08:04:53Z,combined,argocd-application-controller-0,2m,170Mi
2026-04-24T08:04:53Z,combined,argocd-applicationset-controller-68fb4455bb-6d6k5,1m,25Mi
2026-04-24T08:04:53Z,combined,argocd-dex-server-76dcbcbc86-qmt95,1m,25Mi
2026-04-24T08:04:53Z,combined,argocd-notifications-controller-8495566bcf-6l7vb,1m,22Mi
2026-04-24T08:04:53Z,combined,argocd-redis-85cfb75bdd-44jsl,4m,9Mi
2026-04-24T08:04:53Z,combined,argocd-repo-server-9fd46496f-q9g6f,1m,35Mi
2026-04-24T08:04:53Z,combined,argocd-server-9c669c566-kmphd,1m,58Mi
2026-04-24T08:04:54Z,combined,argocd-application-controller-0,2m,170Mi
2026-04-24T08:04:54Z,combined,argocd-applicationset-controller-68fb4455bb-6d6k5,1m,25Mi
2026-04-24T08:04:54Z,combined,argocd-dex-server-76dcbcbc86-qmt95,1m,25Mi
2026-04-24T08:04:54Z,combined,argocd-notifications-controller-8495566bcf-6l7vb,1m,22Mi
2026-04-24T08:04:54Z,combined,argocd-redis-85cfb75bdd-44jsl,4m,9Mi
2026-04-24T08:04:54Z,combined,argocd-repo-server-9fd46496f-q9g6f,1m,35Mi
2026-04-24T08:04:54Z,combined,argocd-server-9c669c566-kmphd,1m,58Mi
2026-04-24T08:04:55Z,combined,argocd-application-controller-0,2m,170Mi
2026-04-24T08:04:55Z,combined,argocd-applicationset-controller-68fb4455bb-6d6k5,1m,25Mi
2026-04-24T08:04:55Z,combined,argocd-dex-server-76dcbcbc86-qmt95,1m,25Mi
2026-04-24T08:04:55Z,combined,argocd-notifications-controller-8495566bcf-6l7vb,1m,22Mi
2026-04-24T08:04:55Z,combined,argocd-redis-85cfb75bdd-44jsl,4m,9Mi
2026-04-24T08:04:55Z,combined,argocd-repo-server-9fd46496f-q9g6f,1m,35Mi
2026-04-24T08:04:55Z,combined,argocd-server-9c669c566-kmphd,1m,58Mi
2026-04-24T08:04:56Z,combined,argocd-application-controller-0,2m,170Mi
2026-04-24T08:04:56Z,combined,argocd-applicationset-controller-68fb4455bb-6d6k5,1m,25Mi
2026-04-24T08:04:56Z,combined,argocd-dex-server-76dcbcbc86-qmt95,1m,25Mi
2026-04-24T08:04:56Z,combined,argocd-notifications-controller-8495566bcf-6l7vb,1m,22Mi
2026-04-24T08:04:56Z,combined,argocd-redis-85cfb75bdd-44jsl,4m,9Mi
2026-04-24T08:04:56Z,combined,argocd-repo-server-9fd46496f-q9g6f,1m,35Mi
2026-04-24T08:04:56Z,combined,argocd-server-9c669c566-kmphd,1m,58Mi
2026-04-24T08:04:57Z,combined,argocd-application-controller-0,2m,170Mi
2026-04-24T08:04:57Z,combined,argocd-applicationset-controller-68fb4455bb-6d6k5,1m,25Mi
2026-04-24T08:04:57Z,combined,argocd-dex-server-76dcbcbc86-qmt95,1m,25Mi
2026-04-24T08:04:57Z,combined,argocd-notifications-controller-8495566bcf-6l7vb,1m,22Mi
2026-04-24T08:04:57Z,combined,argocd-redis-85cfb75bdd-44jsl,4m,9Mi
2026-04-24T08:04:57Z,combined,argocd-repo-server-9fd46496f-q9g6f,1m,35Mi
2026-04-24T08:04:57Z,combined,argocd-server-9c669c566-kmphd,1m,58Mi
2026-04-24T08:04:58Z,combined,argocd-application-controller-0,2m,170Mi
2026-04-24T08:04:58Z,combined,argocd-applicationset-controller-68fb4455bb-6d6k5,1m,25Mi
2026-04-24T08:04:58Z,combined,argocd-dex-server-76dcbcbc86-qmt95,1m,25Mi
2026-04-24T08:04:58Z,combined,argocd-notifications-controller-8495566bcf-6l7vb,1m,22Mi
2026-04-24T08:04:58Z,combined,argocd-redis-85cfb75bdd-44jsl,4m,9Mi
2026-04-24T08:04:58Z,combined,argocd-repo-server-9fd46496f-q9g6f,1m,35Mi
2026-04-24T08:04:58Z,combined,argocd-server-9c669c566-kmphd,1m,58Mi
2026-04-24T08:04:59Z,combined,argocd-application-controller-0,2m,170Mi
2026-04-24T08:04:59Z,combined,argocd-applicationset-controller-68fb4455bb-6d6k5,1m,25Mi
2026-04-24T08:04:59Z,combined,argocd-dex-server-76dcbcbc86-qmt95,1m,25Mi
2026-04-24T08:04:59Z,combined,argocd-notifications-controller-8495566bcf-6l7vb,1m,22Mi
2026-04-24T08:04:59Z,combined,argocd-redis-85cfb75bdd-44jsl,4m,9Mi
2026-04-24T08:04:59Z,combined,argocd-repo-server-9fd46496f-q9g6f,1m,35Mi
2026-04-24T08:04:59Z,combined,argocd-server-9c669c566-kmphd,1m,58Mi
2026-04-24T08:05:00Z,combined,argocd-application-controller-0,2m,170Mi
2026-04-24T08:05:00Z,combined,argocd-applicationset-controller-68fb4455bb-6d6k5,1m,25Mi
2026-04-24T08:05:00Z,combined,argocd-dex-server-76dcbcbc86-qmt95,1m,25Mi
2026-04-24T08:05:00Z,combined,argocd-notifications-controller-8495566bcf-6l7vb,1m,22Mi
2026-04-24T08:05:00Z,combined,argocd-redis-85cfb75bdd-44jsl,4m,9Mi
2026-04-24T08:05:00Z,combined,argocd-repo-server-9fd46496f-q9g6f,1m,35Mi
2026-04-24T08:05:00Z,combined,argocd-server-9c669c566-kmphd,1m,58Mi
2026-04-24T08:05:01Z,combined,argocd-application-controller-0,2m,170Mi
2026-04-24T08:05:01Z,combined,argocd-applicationset-controller-68fb4455bb-6d6k5,1m,25Mi
2026-04-24T08:05:01Z,combined,argocd-dex-server-76dcbcbc86-qmt95,1m,25Mi
2026-04-24T08:05:01Z,combined,argocd-notifications-controller-8495566bcf-6l7vb,1m,22Mi
2026-04-24T08:05:01Z,combined,argocd-redis-85cfb75bdd-44jsl,4m,9Mi
2026-04-24T08:05:01Z,combined,argocd-repo-server-9fd46496f-q9g6f,1m,35Mi
2026-04-24T08:05:01Z,combined,argocd-server-9c669c566-kmphd,1m,58Mi
2026-04-24T08:05:02Z,combined,argocd-application-controller-0,2m,170Mi
2026-04-24T08:05:02Z,combined,argocd-applicationset-controller-68fb4455bb-6d6k5,1m,25Mi
2026-04-24T08:05:02Z,combined,argocd-dex-server-76dcbcbc86-qmt95,1m,25Mi
2026-04-24T08:05:02Z,combined,argocd-notifications-controller-8495566bcf-6l7vb,1m,22Mi
2026-04-24T08:05:02Z,combined,argocd-redis-85cfb75bdd-44jsl,4m,9Mi
2026-04-24T08:05:02Z,combined,argocd-repo-server-9fd46496f-q9g6f,1m,35Mi
2026-04-24T08:05:02Z,combined,argocd-server-9c669c566-kmphd,1m,58Mi
2026-04-24T08:05:03Z,combined,argocd-application-controller-0,2m,170Mi
2026-04-24T08:05:03Z,combined,argocd-applicationset-controller-68fb4455bb-6d6k5,1m,25Mi
2026-04-24T08:05:03Z,combined,argocd-dex-server-76dcbcbc86-qmt95,1m,25Mi
2026-04-24T08:05:03Z,combined,argocd-notifications-controller-8495566bcf-6l7vb,1m,22Mi
2026-04-24T08:05:03Z,combined,argocd-redis-85cfb75bdd-44jsl,4m,9Mi
2026-04-24T08:05:03Z,combined,argocd-repo-server-9fd46496f-q9g6f,1m,35Mi
2026-04-24T08:05:03Z,combined,argocd-server-9c669c566-kmphd,1m,58Mi
2026-04-24T08:05:04Z,combined,argocd-application-controller-0,2m,170Mi
2026-04-24T08:05:04Z,combined,argocd-applicationset-controller-68fb4455bb-6d6k5,1m,25Mi
2026-04-24T08:05:04Z,combined,argocd-dex-server-76dcbcbc86-qmt95,1m,25Mi
2026-04-24T08:05:04Z,combined,argocd-notifications-controller-8495566bcf-6l7vb,1m,22Mi
2026-04-24T08:05:04Z,combined,argocd-redis-85cfb75bdd-44jsl,4m,9Mi
2026-04-24T08:05:04Z,combined,argocd-repo-server-9fd46496f-q9g6f,1m,35Mi
2026-04-24T08:05:04Z,combined,argocd-server-9c669c566-kmphd,1m,58Mi
2026-04-24T08:05:05Z,combined,argocd-application-controller-0,2m,170Mi
2026-04-24T08:05:05Z,combined,argocd-applicationset-controller-68fb4455bb-6d6k5,1m,25Mi
2026-04-24T08:05:05Z,combined,argocd-dex-server-76dcbcbc86-qmt95,1m,25Mi
2026-04-24T08:05:05Z,combined,argocd-notifications-controller-8495566bcf-6l7vb,1m,22Mi
2026-04-24T08:05:05Z,combined,argocd-redis-85cfb75bdd-44jsl,4m,9Mi
2026-04-24T08:05:05Z,combined,argocd-repo-server-9fd46496f-q9g6f,1m,35Mi
2026-04-24T08:05:05Z,combined,argocd-server-9c669c566-kmphd,1m,58Mi
2026-04-24T08:05:07Z,combined,argocd-application-controller-0,2m,170Mi
2026-04-24T08:05:07Z,combined,argocd-applicationset-controller-68fb4455bb-6d6k5,1m,25Mi
2026-04-24T08:05:07Z,combined,argocd-dex-server-76dcbcbc86-qmt95,1m,25Mi
2026-04-24T08:05:07Z,combined,argocd-notifications-controller-8495566bcf-6l7vb,1m,22Mi
2026-04-24T08:05:07Z,combined,argocd-redis-85cfb75bdd-44jsl,4m,9Mi
2026-04-24T08:05:07Z,combined,argocd-repo-server-9fd46496f-q9g6f,1m,35Mi
2026-04-24T08:05:07Z,combined,argocd-server-9c669c566-kmphd,1m,58Mi
2026-04-24T08:05:08Z,combined,argocd-application-controller-0,2m,170Mi
2026-04-24T08:05:08Z,combined,argocd-applicationset-controller-68fb4455bb-6d6k5,1m,25Mi
2026-04-24T08:05:08Z,combined,argocd-dex-server-76dcbcbc86-qmt95,1m,25Mi
2026-04-24T08:05:08Z,combined,argocd-notifications-controller-8495566bcf-6l7vb,1m,22Mi
2026-04-24T08:05:08Z,combined,argocd-redis-85cfb75bdd-44jsl,4m,9Mi
2026-04-24T08:05:08Z,combined,argocd-repo-server-9fd46496f-q9g6f,1m,35Mi
2026-04-24T08:05:08Z,combined,argocd-server-9c669c566-kmphd,1m,58Mi
2026-04-24T08:05:09Z,combined,argocd-application-controller-0,2m,170Mi
2026-04-24T08:05:09Z,combined,argocd-applicationset-controller-68fb4455bb-6d6k5,1m,25Mi
2026-04-24T08:05:09Z,combined,argocd-dex-server-76dcbcbc86-qmt95,1m,25Mi
2026-04-24T08:05:09Z,combined,argocd-notifications-controller-8495566bcf-6l7vb,1m,22Mi
2026-04-24T08:05:09Z,combined,argocd-redis-85cfb75bdd-44jsl,4m,9Mi
2026-04-24T08:05:09Z,combined,argocd-repo-server-9fd46496f-q9g6f,1m,35Mi
2026-04-24T08:05:09Z,combined,argocd-server-9c669c566-kmphd,1m,58Mi
2026-04-24T08:05:10Z,combined,argocd-application-controller-0,2m,170Mi
2026-04-24T08:05:10Z,combined,argocd-applicationset-controller-68fb4455bb-6d6k5,1m,25Mi
2026-04-24T08:05:10Z,combined,argocd-dex-server-76dcbcbc86-qmt95,1m,25Mi
2026-04-24T08:05:10Z,combined,argocd-notifications-controller-8495566bcf-6l7vb,1m,22Mi
2026-04-24T08:05:10Z,combined,argocd-redis-85cfb75bdd-44jsl,4m,9Mi
2026-04-24T08:05:10Z,combined,argocd-repo-server-9fd46496f-q9g6f,1m,35Mi
2026-04-24T08:05:10Z,combined,argocd-server-9c669c566-kmphd,1m,58Mi
2026-04-24T08:05:11Z,combined,argocd-application-controller-0,2m,170Mi
2026-04-24T08:05:11Z,combined,argocd-applicationset-controller-68fb4455bb-6d6k5,1m,25Mi
2026-04-24T08:05:11Z,combined,argocd-dex-server-76dcbcbc86-qmt95,1m,25Mi
2026-04-24T08:05:11Z,combined,argocd-notifications-controller-8495566bcf-6l7vb,1m,22Mi
2026-04-24T08:05:11Z,combined,argocd-redis-85cfb75bdd-44jsl,4m,9Mi
2026-04-24T08:05:11Z,combined,argocd-repo-server-9fd46496f-q9g6f,1m,35Mi
2026-04-24T08:05:11Z,combined,argocd-server-9c669c566-kmphd,1m,58Mi
2026-04-24T08:05:12Z,combined,argocd-application-controller-0,2m,170Mi
2026-04-24T08:05:12Z,combined,argocd-applicationset-controller-68fb4455bb-6d6k5,1m,25Mi
2026-04-24T08:05:12Z,combined,argocd-dex-server-76dcbcbc86-qmt95,1m,25Mi
2026-04-24T08:05:12Z,combined,argocd-notifications-controller-8495566bcf-6l7vb,1m,22Mi
2026-04-24T08:05:12Z,combined,argocd-redis-85cfb75bdd-44jsl,4m,9Mi
2026-04-24T08:05:12Z,combined,argocd-repo-server-9fd46496f-q9g6f,1m,35Mi
2026-04-24T08:05:12Z,combined,argocd-server-9c669c566-kmphd,1m,58Mi
2026-04-24T08:05:13Z,combined,argocd-application-controller-0,2m,170Mi
2026-04-24T08:05:13Z,combined,argocd-applicationset-controller-68fb4455bb-6d6k5,1m,25Mi
2026-04-24T08:05:13Z,combined,argocd-dex-server-76dcbcbc86-qmt95,1m,25Mi
2026-04-24T08:05:13Z,combined,argocd-notifications-controller-8495566bcf-6l7vb,1m,22Mi
2026-04-24T08:05:13Z,combined,argocd-redis-85cfb75bdd-44jsl,4m,9Mi
2026-04-24T08:05:13Z,combined,argocd-repo-server-9fd46496f-q9g6f,1m,35Mi
2026-04-24T08:05:13Z,combined,argocd-server-9c669c566-kmphd,1m,58Mi
2026-04-24T08:05:14Z,combined,argocd-application-controller-0,2m,170Mi
2026-04-24T08:05:14Z,combined,argocd-applicationset-controller-68fb4455bb-6d6k5,1m,25Mi
2026-04-24T08:05:14Z,combined,argocd-dex-server-76dcbcbc86-qmt95,1m,25Mi
2026-04-24T08:05:14Z,combined,argocd-notifications-controller-8495566bcf-6l7vb,1m,22Mi
2026-04-24T08:05:14Z,combined,argocd-redis-85cfb75bdd-44jsl,4m,9Mi
2026-04-24T08:05:14Z,combined,argocd-repo-server-9fd46496f-q9g6f,1m,35Mi
2026-04-24T08:05:14Z,combined,argocd-server-9c669c566-kmphd,1m,58Mi
2026-04-24T08:05:15Z,combined,argocd-application-controller-0,2m,170Mi
2026-04-24T08:05:15Z,combined,argocd-applicationset-controller-68fb4455bb-6d6k5,1m,25Mi
2026-04-24T08:05:15Z,combined,argocd-dex-server-76dcbcbc86-qmt95,1m,25Mi
2026-04-24T08:05:15Z,combined,argocd-notifications-controller-8495566bcf-6l7vb,1m,22Mi
2026-04-24T08:05:15Z,combined,argocd-redis-85cfb75bdd-44jsl,4m,9Mi
2026-04-24T08:05:15Z,combined,argocd-repo-server-9fd46496f-q9g6f,1m,35Mi
2026-04-24T08:05:15Z,combined,argocd-server-9c669c566-kmphd,1m,58Mi
2026-04-24T08:05:16Z,combined,argocd-application-controller-0,2m,170Mi
2026-04-24T08:05:16Z,combined,argocd-applicationset-controller-68fb4455bb-6d6k5,1m,25Mi
2026-04-24T08:05:16Z,combined,argocd-dex-server-76dcbcbc86-qmt95,1m,25Mi
2026-04-24T08:05:16Z,combined,argocd-notifications-controller-8495566bcf-6l7vb,1m,22Mi
2026-04-24T08:05:16Z,combined,argocd-redis-85cfb75bdd-44jsl,4m,9Mi
2026-04-24T08:05:16Z,combined,argocd-repo-server-9fd46496f-q9g6f,1m,35Mi
2026-04-24T08:05:16Z,combined,argocd-server-9c669c566-kmphd,1m,58Mi
2026-04-24T08:05:17Z,combined,argocd-application-controller-0,2m,170Mi
2026-04-24T08:05:17Z,combined,argocd-applicationset-controller-68fb4455bb-6d6k5,1m,25Mi
2026-04-24T08:05:17Z,combined,argocd-dex-server-76dcbcbc86-qmt95,1m,25Mi
2026-04-24T08:05:17Z,combined,argocd-notifications-controller-8495566bcf-6l7vb,1m,22Mi
2026-04-24T08:05:17Z,combined,argocd-redis-85cfb75bdd-44jsl,4m,9Mi
2026-04-24T08:05:17Z,combined,argocd-repo-server-9fd46496f-q9g6f,1m,35Mi
2026-04-24T08:05:17Z,combined,argocd-server-9c669c566-kmphd,1m,58Mi
2026-04-24T08:05:18Z,combined,argocd-application-controller-0,2m,170Mi
2026-04-24T08:05:18Z,combined,argocd-applicationset-controller-68fb4455bb-6d6k5,1m,25Mi
2026-04-24T08:05:18Z,combined,argocd-dex-server-76dcbcbc86-qmt95,1m,25Mi
2026-04-24T08:05:18Z,combined,argocd-notifications-controller-8495566bcf-6l7vb,1m,22Mi
2026-04-24T08:05:18Z,combined,argocd-redis-85cfb75bdd-44jsl,4m,9Mi
2026-04-24T08:05:18Z,combined,argocd-repo-server-9fd46496f-q9g6f,1m,35Mi
2026-04-24T08:05:18Z,combined,argocd-server-9c669c566-kmphd,1m,58Mi
2026-04-24T08:05:19Z,combined,argocd-application-controller-0,2m,170Mi
2026-04-24T08:05:19Z,combined,argocd-applicationset-controller-68fb4455bb-6d6k5,1m,25Mi
2026-04-24T08:05:19Z,combined,argocd-dex-server-76dcbcbc86-qmt95,1m,25Mi
2026-04-24T08:05:19Z,combined,argocd-notifications-controller-8495566bcf-6l7vb,1m,22Mi
2026-04-24T08:05:19Z,combined,argocd-redis-85cfb75bdd-44jsl,4m,9Mi
2026-04-24T08:05:19Z,combined,argocd-repo-server-9fd46496f-q9g6f,1m,35Mi
2026-04-24T08:05:19Z,combined,argocd-server-9c669c566-kmphd,1m,58Mi
2026-04-24T08:05:20Z,combined,argocd-application-controller-0,2m,170Mi
2026-04-24T08:05:20Z,combined,argocd-applicationset-controller-68fb4455bb-6d6k5,1m,25Mi
2026-04-24T08:05:20Z,combined,argocd-dex-server-76dcbcbc86-qmt95,1m,25Mi
2026-04-24T08:05:20Z,combined,argocd-notifications-controller-8495566bcf-6l7vb,1m,22Mi
2026-04-24T08:05:20Z,combined,argocd-redis-85cfb75bdd-44jsl,4m,9Mi
2026-04-24T08:05:20Z,combined,argocd-repo-server-9fd46496f-q9g6f,1m,35Mi
2026-04-24T08:05:20Z,combined,argocd-server-9c669c566-kmphd,1m,58Mi
2026-04-24T08:05:21Z,combined,argocd-application-controller-0,2m,170Mi
2026-04-24T08:05:21Z,combined,argocd-applicationset-controller-68fb4455bb-6d6k5,1m,25Mi
2026-04-24T08:05:21Z,combined,argocd-dex-server-76dcbcbc86-qmt95,1m,25Mi
2026-04-24T08:05:21Z,combined,argocd-notifications-controller-8495566bcf-6l7vb,1m,22Mi
2026-04-24T08:05:21Z,combined,argocd-redis-85cfb75bdd-44jsl,4m,9Mi
2026-04-24T08:05:21Z,combined,argocd-repo-server-9fd46496f-q9g6f,1m,35Mi
2026-04-24T08:05:21Z,combined,argocd-server-9c669c566-kmphd,1m,58Mi
2026-04-24T08:05:22Z,combined,argocd-application-controller-0,2m,170Mi
2026-04-24T08:05:22Z,combined,argocd-applicationset-controller-68fb4455bb-6d6k5,1m,25Mi
2026-04-24T08:05:22Z,combined,argocd-dex-server-76dcbcbc86-qmt95,1m,25Mi
2026-04-24T08:05:22Z,combined,argocd-notifications-controller-8495566bcf-6l7vb,1m,22Mi
2026-04-24T08:05:22Z,combined,argocd-redis-85cfb75bdd-44jsl,4m,9Mi
2026-04-24T08:05:22Z,combined,argocd-repo-server-9fd46496f-q9g6f,1m,35Mi
2026-04-24T08:05:22Z,combined,argocd-server-9c669c566-kmphd,1m,58Mi
2026-04-24T08:05:23Z,combined,argocd-application-controller-0,2m,170Mi
2026-04-24T08:05:23Z,combined,argocd-applicationset-controller-68fb4455bb-6d6k5,1m,25Mi
2026-04-24T08:05:23Z,combined,argocd-dex-server-76dcbcbc86-qmt95,1m,25Mi
2026-04-24T08:05:23Z,combined,argocd-notifications-controller-8495566bcf-6l7vb,1m,22Mi
2026-04-24T08:05:23Z,combined,argocd-redis-85cfb75bdd-44jsl,4m,9Mi
2026-04-24T08:05:23Z,combined,argocd-repo-server-9fd46496f-q9g6f,1m,35Mi
2026-04-24T08:05:23Z,combined,argocd-server-9c669c566-kmphd,1m,58Mi
2026-04-24T08:05:24Z,combined,argocd-application-controller-0,2m,170Mi
2026-04-24T08:05:24Z,combined,argocd-applicationset-controller-68fb4455bb-6d6k5,1m,25Mi
2026-04-24T08:05:24Z,combined,argocd-dex-server-76dcbcbc86-qmt95,1m,25Mi
2026-04-24T08:05:24Z,combined,argocd-notifications-controller-8495566bcf-6l7vb,1m,22Mi
2026-04-24T08:05:24Z,combined,argocd-redis-85cfb75bdd-44jsl,4m,9Mi
2026-04-24T08:05:24Z,combined,argocd-repo-server-9fd46496f-q9g6f,1m,35Mi
2026-04-24T08:05:24Z,combined,argocd-server-9c669c566-kmphd,1m,58Mi
2026-04-24T08:05:25Z,combined,argocd-application-controller-0,2m,170Mi
2026-04-24T08:05:25Z,combined,argocd-applicationset-controller-68fb4455bb-6d6k5,1m,25Mi
2026-04-24T08:05:25Z,combined,argocd-dex-server-76dcbcbc86-qmt95,1m,25Mi
2026-04-24T08:05:25Z,combined,argocd-notifications-controller-8495566bcf-6l7vb,1m,22Mi
2026-04-24T08:05:25Z,combined,argocd-redis-85cfb75bdd-44jsl,4m,9Mi
2026-04-24T08:05:25Z,combined,argocd-repo-server-9fd46496f-q9g6f,1m,35Mi
2026-04-24T08:05:25Z,combined,argocd-server-9c669c566-kmphd,1m,58Mi
2026-04-24T08:05:26Z,combined,argocd-application-controller-0,2m,170Mi
2026-04-24T08:05:26Z,combined,argocd-applicationset-controller-68fb4455bb-6d6k5,1m,25Mi
2026-04-24T08:05:26Z,combined,argocd-dex-server-76dcbcbc86-qmt95,1m,25Mi
2026-04-24T08:05:26Z,combined,argocd-notifications-controller-8495566bcf-6l7vb,1m,22Mi
2026-04-24T08:05:26Z,combined,argocd-redis-85cfb75bdd-44jsl,4m,9Mi
2026-04-24T08:05:26Z,combined,argocd-repo-server-9fd46496f-q9g6f,1m,35Mi
2026-04-24T08:05:26Z,combined,argocd-server-9c669c566-kmphd,1m,58Mi
2026-04-24T08:05:28Z,combined,argocd-application-controller-0,2m,170Mi
2026-04-24T08:05:28Z,combined,argocd-applicationset-controller-68fb4455bb-6d6k5,1m,25Mi
2026-04-24T08:05:28Z,combined,argocd-dex-server-76dcbcbc86-qmt95,1m,25Mi
2026-04-24T08:05:28Z,combined,argocd-notifications-controller-8495566bcf-6l7vb,1m,22Mi
2026-04-24T08:05:28Z,combined,argocd-redis-85cfb75bdd-44jsl,4m,9Mi
2026-04-24T08:05:28Z,combined,argocd-repo-server-9fd46496f-q9g6f,1m,35Mi
2026-04-24T08:05:28Z,combined,argocd-server-9c669c566-kmphd,1m,58Mi
2026-04-24T08:05:29Z,combined,argocd-application-controller-0,2m,170Mi
2026-04-24T08:05:29Z,combined,argocd-applicationset-controller-68fb4455bb-6d6k5,1m,25Mi
2026-04-24T08:05:29Z,combined,argocd-dex-server-76dcbcbc86-qmt95,1m,25Mi
2026-04-24T08:05:29Z,combined,argocd-notifications-controller-8495566bcf-6l7vb,1m,22Mi
2026-04-24T08:05:29Z,combined,argocd-redis-85cfb75bdd-44jsl,4m,9Mi
2026-04-24T08:05:29Z,combined,argocd-repo-server-9fd46496f-q9g6f,1m,35Mi
2026-04-24T08:05:29Z,combined,argocd-server-9c669c566-kmphd,1m,58Mi
2026-04-24T08:05:30Z,combined,argocd-application-controller-0,2m,170Mi
2026-04-24T08:05:30Z,combined,argocd-applicationset-controller-68fb4455bb-6d6k5,1m,25Mi
2026-04-24T08:05:30Z,combined,argocd-dex-server-76dcbcbc86-qmt95,1m,25Mi
2026-04-24T08:05:30Z,combined,argocd-notifications-controller-8495566bcf-6l7vb,1m,22Mi
2026-04-24T08:05:30Z,combined,argocd-redis-85cfb75bdd-44jsl,4m,9Mi
2026-04-24T08:05:30Z,combined,argocd-repo-server-9fd46496f-q9g6f,1m,35Mi
2026-04-24T08:05:30Z,combined,argocd-server-9c669c566-kmphd,1m,58Mi
2026-04-24T08:05:31Z,combined,argocd-application-controller-0,16m,216Mi
2026-04-24T08:05:31Z,combined,argocd-applicationset-controller-68fb4455bb-6d6k5,1m,25Mi
2026-04-24T08:05:31Z,combined,argocd-dex-server-76dcbcbc86-qmt95,1m,25Mi
2026-04-24T08:05:31Z,combined,argocd-notifications-controller-8495566bcf-6l7vb,1m,22Mi
2026-04-24T08:05:31Z,combined,argocd-redis-85cfb75bdd-44jsl,4m,9Mi
2026-04-24T08:05:31Z,combined,argocd-repo-server-9fd46496f-q9g6f,2m,35Mi
2026-04-24T08:05:31Z,combined,argocd-server-9c669c566-kmphd,3m,70Mi
2026-04-24T08:05:32Z,combined,argocd-application-controller-0,16m,216Mi
2026-04-24T08:05:32Z,combined,argocd-applicationset-controller-68fb4455bb-6d6k5,1m,25Mi
2026-04-24T08:05:32Z,combined,argocd-dex-server-76dcbcbc86-qmt95,1m,25Mi
2026-04-24T08:05:32Z,combined,argocd-notifications-controller-8495566bcf-6l7vb,1m,22Mi
2026-04-24T08:05:32Z,combined,argocd-redis-85cfb75bdd-44jsl,4m,9Mi
2026-04-24T08:05:32Z,combined,argocd-repo-server-9fd46496f-q9g6f,2m,35Mi
2026-04-24T08:05:32Z,combined,argocd-server-9c669c566-kmphd,3m,70Mi
2026-04-24T08:05:33Z,combined,argocd-application-controller-0,16m,216Mi
2026-04-24T08:05:33Z,combined,argocd-applicationset-controller-68fb4455bb-6d6k5,1m,25Mi
2026-04-24T08:05:33Z,combined,argocd-dex-server-76dcbcbc86-qmt95,1m,25Mi
2026-04-24T08:05:33Z,combined,argocd-notifications-controller-8495566bcf-6l7vb,1m,22Mi
2026-04-24T08:05:33Z,combined,argocd-redis-85cfb75bdd-44jsl,4m,9Mi
2026-04-24T08:05:33Z,combined,argocd-repo-server-9fd46496f-q9g6f,2m,35Mi
2026-04-24T08:05:33Z,combined,argocd-server-9c669c566-kmphd,3m,70Mi
2026-04-24T08:05:34Z,combined,argocd-application-controller-0,16m,216Mi
2026-04-24T08:05:34Z,combined,argocd-applicationset-controller-68fb4455bb-6d6k5,1m,25Mi
2026-04-24T08:05:34Z,combined,argocd-dex-server-76dcbcbc86-qmt95,1m,25Mi
2026-04-24T08:05:34Z,combined,argocd-notifications-controller-8495566bcf-6l7vb,1m,22Mi
2026-04-24T08:05:34Z,combined,argocd-redis-85cfb75bdd-44jsl,4m,9Mi
2026-04-24T08:05:34Z,combined,argocd-repo-server-9fd46496f-q9g6f,2m,35Mi
2026-04-24T08:05:34Z,combined,argocd-server-9c669c566-kmphd,3m,70Mi
2026-04-24T08:05:35Z,combined,argocd-application-controller-0,16m,216Mi
2026-04-24T08:05:35Z,combined,argocd-applicationset-controller-68fb4455bb-6d6k5,1m,25Mi
2026-04-24T08:05:35Z,combined,argocd-dex-server-76dcbcbc86-qmt95,1m,25Mi
2026-04-24T08:05:35Z,combined,argocd-notifications-controller-8495566bcf-6l7vb,1m,22Mi
2026-04-24T08:05:35Z,combined,argocd-redis-85cfb75bdd-44jsl,4m,9Mi
2026-04-24T08:05:35Z,combined,argocd-repo-server-9fd46496f-q9g6f,2m,35Mi
2026-04-24T08:05:35Z,combined,argocd-server-9c669c566-kmphd,3m,70Mi
2026-04-24T08:05:36Z,combined,argocd-application-controller-0,16m,216Mi
2026-04-24T08:05:36Z,combined,argocd-applicationset-controller-68fb4455bb-6d6k5,1m,25Mi
2026-04-24T08:05:36Z,combined,argocd-dex-server-76dcbcbc86-qmt95,1m,25Mi
2026-04-24T08:05:36Z,combined,argocd-notifications-controller-8495566bcf-6l7vb,1m,22Mi
2026-04-24T08:05:36Z,combined,argocd-redis-85cfb75bdd-44jsl,4m,9Mi
2026-04-24T08:05:36Z,combined,argocd-repo-server-9fd46496f-q9g6f,2m,35Mi
2026-04-24T08:05:36Z,combined,argocd-server-9c669c566-kmphd,3m,70Mi
2026-04-24T08:05:37Z,combined,argocd-application-controller-0,16m,216Mi
2026-04-24T08:05:37Z,combined,argocd-applicationset-controller-68fb4455bb-6d6k5,1m,25Mi
2026-04-24T08:05:37Z,combined,argocd-dex-server-76dcbcbc86-qmt95,1m,25Mi
2026-04-24T08:05:37Z,combined,argocd-notifications-controller-8495566bcf-6l7vb,1m,22Mi
2026-04-24T08:05:37Z,combined,argocd-redis-85cfb75bdd-44jsl,4m,9Mi
2026-04-24T08:05:37Z,combined,argocd-repo-server-9fd46496f-q9g6f,2m,35Mi
2026-04-24T08:05:37Z,combined,argocd-server-9c669c566-kmphd,3m,70Mi
2026-04-24T08:05:38Z,combined,argocd-application-controller-0,16m,216Mi
2026-04-24T08:05:38Z,combined,argocd-applicationset-controller-68fb4455bb-6d6k5,1m,25Mi
2026-04-24T08:05:38Z,combined,argocd-dex-server-76dcbcbc86-qmt95,1m,25Mi
2026-04-24T08:05:38Z,combined,argocd-notifications-controller-8495566bcf-6l7vb,1m,22Mi
2026-04-24T08:05:38Z,combined,argocd-redis-85cfb75bdd-44jsl,4m,9Mi
2026-04-24T08:05:38Z,combined,argocd-repo-server-9fd46496f-q9g6f,2m,35Mi
2026-04-24T08:05:38Z,combined,argocd-server-9c669c566-kmphd,3m,70Mi
2026-04-24T08:05:39Z,combined,argocd-application-controller-0,16m,216Mi
2026-04-24T08:05:39Z,combined,argocd-applicationset-controller-68fb4455bb-6d6k5,1m,25Mi
2026-04-24T08:05:39Z,combined,argocd-dex-server-76dcbcbc86-qmt95,1m,25Mi
2026-04-24T08:05:39Z,combined,argocd-notifications-controller-8495566bcf-6l7vb,1m,22Mi
2026-04-24T08:05:39Z,combined,argocd-redis-85cfb75bdd-44jsl,4m,9Mi
2026-04-24T08:05:39Z,combined,argocd-repo-server-9fd46496f-q9g6f,2m,35Mi
2026-04-24T08:05:39Z,combined,argocd-server-9c669c566-kmphd,3m,70Mi
2026-04-24T08:05:40Z,combined,argocd-application-controller-0,16m,216Mi
2026-04-24T08:05:40Z,combined,argocd-applicationset-controller-68fb4455bb-6d6k5,1m,25Mi
2026-04-24T08:05:40Z,combined,argocd-dex-server-76dcbcbc86-qmt95,1m,25Mi
2026-04-24T08:05:40Z,combined,argocd-notifications-controller-8495566bcf-6l7vb,1m,22Mi
2026-04-24T08:05:40Z,combined,argocd-redis-85cfb75bdd-44jsl,4m,9Mi
2026-04-24T08:05:40Z,combined,argocd-repo-server-9fd46496f-q9g6f,2m,35Mi
2026-04-24T08:05:40Z,combined,argocd-server-9c669c566-kmphd,3m,70Mi
2026-04-24T08:05:41Z,combined,argocd-application-controller-0,16m,216Mi
2026-04-24T08:05:41Z,combined,argocd-applicationset-controller-68fb4455bb-6d6k5,1m,25Mi
2026-04-24T08:05:41Z,combined,argocd-dex-server-76dcbcbc86-qmt95,1m,25Mi
2026-04-24T08:05:41Z,combined,argocd-notifications-controller-8495566bcf-6l7vb,1m,22Mi
2026-04-24T08:05:41Z,combined,argocd-redis-85cfb75bdd-44jsl,4m,9Mi
2026-04-24T08:05:41Z,combined,argocd-repo-server-9fd46496f-q9g6f,2m,35Mi
2026-04-24T08:05:41Z,combined,argocd-server-9c669c566-kmphd,3m,70Mi
2026-04-24T08:05:42Z,combined,argocd-application-controller-0,16m,216Mi
2026-04-24T08:05:42Z,combined,argocd-applicationset-controller-68fb4455bb-6d6k5,1m,25Mi
2026-04-24T08:05:42Z,combined,argocd-dex-server-76dcbcbc86-qmt95,1m,25Mi
2026-04-24T08:05:42Z,combined,argocd-notifications-controller-8495566bcf-6l7vb,1m,22Mi
2026-04-24T08:05:42Z,combined,argocd-redis-85cfb75bdd-44jsl,4m,9Mi
2026-04-24T08:05:42Z,combined,argocd-repo-server-9fd46496f-q9g6f,2m,35Mi
2026-04-24T08:05:42Z,combined,argocd-server-9c669c566-kmphd,3m,70Mi
2026-04-24T08:05:43Z,combined,argocd-application-controller-0,16m,216Mi
2026-04-24T08:05:43Z,combined,argocd-applicationset-controller-68fb4455bb-6d6k5,1m,25Mi
2026-04-24T08:05:43Z,combined,argocd-dex-server-76dcbcbc86-qmt95,1m,25Mi
2026-04-24T08:05:43Z,combined,argocd-notifications-controller-8495566bcf-6l7vb,1m,22Mi
2026-04-24T08:05:43Z,combined,argocd-redis-85cfb75bdd-44jsl,4m,9Mi
2026-04-24T08:05:43Z,combined,argocd-repo-server-9fd46496f-q9g6f,2m,35Mi
2026-04-24T08:05:43Z,combined,argocd-server-9c669c566-kmphd,3m,70Mi
2026-04-24T08:05:44Z,combined,argocd-application-controller-0,16m,216Mi
2026-04-24T08:05:44Z,combined,argocd-applicationset-controller-68fb4455bb-6d6k5,1m,25Mi
2026-04-24T08:05:44Z,combined,argocd-dex-server-76dcbcbc86-qmt95,1m,25Mi
2026-04-24T08:05:44Z,combined,argocd-notifications-controller-8495566bcf-6l7vb,1m,22Mi
2026-04-24T08:05:44Z,combined,argocd-redis-85cfb75bdd-44jsl,4m,9Mi
2026-04-24T08:05:44Z,combined,argocd-repo-server-9fd46496f-q9g6f,2m,35Mi
2026-04-24T08:05:44Z,combined,argocd-server-9c669c566-kmphd,3m,70Mi
2026-04-24T08:05:45Z,combined,argocd-application-controller-0,16m,216Mi
2026-04-24T08:05:45Z,combined,argocd-applicationset-controller-68fb4455bb-6d6k5,1m,25Mi
2026-04-24T08:05:45Z,combined,argocd-dex-server-76dcbcbc86-qmt95,1m,25Mi
2026-04-24T08:05:45Z,combined,argocd-notifications-controller-8495566bcf-6l7vb,1m,22Mi
2026-04-24T08:05:45Z,combined,argocd-redis-85cfb75bdd-44jsl,4m,9Mi
2026-04-24T08:05:45Z,combined,argocd-repo-server-9fd46496f-q9g6f,2m,35Mi
2026-04-24T08:05:45Z,combined,argocd-server-9c669c566-kmphd,3m,70Mi
2026-04-24T08:05:46Z,combined,argocd-application-controller-0,16m,216Mi
2026-04-24T08:05:46Z,combined,argocd-applicationset-controller-68fb4455bb-6d6k5,1m,25Mi
2026-04-24T08:05:46Z,combined,argocd-dex-server-76dcbcbc86-qmt95,1m,25Mi
2026-04-24T08:05:46Z,combined,argocd-notifications-controller-8495566bcf-6l7vb,1m,22Mi
2026-04-24T08:05:46Z,combined,argocd-redis-85cfb75bdd-44jsl,4m,9Mi
2026-04-24T08:05:46Z,combined,argocd-repo-server-9fd46496f-q9g6f,2m,35Mi
2026-04-24T08:05:46Z,combined,argocd-server-9c669c566-kmphd,3m,70Mi
2026-04-24T08:05:47Z,combined,argocd-application-controller-0,16m,216Mi
2026-04-24T08:05:47Z,combined,argocd-applicationset-controller-68fb4455bb-6d6k5,1m,25Mi
2026-04-24T08:05:47Z,combined,argocd-dex-server-76dcbcbc86-qmt95,1m,25Mi
2026-04-24T08:05:47Z,combined,argocd-notifications-controller-8495566bcf-6l7vb,1m,22Mi
2026-04-24T08:05:47Z,combined,argocd-redis-85cfb75bdd-44jsl,4m,9Mi
2026-04-24T08:05:47Z,combined,argocd-repo-server-9fd46496f-q9g6f,2m,35Mi
2026-04-24T08:05:47Z,combined,argocd-server-9c669c566-kmphd,3m,70Mi
2026-04-24T08:05:48Z,combined,argocd-application-controller-0,16m,216Mi
2026-04-24T08:05:48Z,combined,argocd-applicationset-controller-68fb4455bb-6d6k5,1m,25Mi
2026-04-24T08:05:48Z,combined,argocd-dex-server-76dcbcbc86-qmt95,1m,25Mi
2026-04-24T08:05:48Z,combined,argocd-notifications-controller-8495566bcf-6l7vb,1m,22Mi
2026-04-24T08:05:48Z,combined,argocd-redis-85cfb75bdd-44jsl,4m,9Mi
2026-04-24T08:05:48Z,combined,argocd-repo-server-9fd46496f-q9g6f,2m,35Mi
2026-04-24T08:05:48Z,combined,argocd-server-9c669c566-kmphd,3m,70Mi
2026-04-24T08:05:49Z,combined,argocd-application-controller-0,16m,216Mi
2026-04-24T08:05:49Z,combined,argocd-applicationset-controller-68fb4455bb-6d6k5,1m,25Mi
2026-04-24T08:05:49Z,combined,argocd-dex-server-76dcbcbc86-qmt95,1m,25Mi
2026-04-24T08:05:49Z,combined,argocd-notifications-controller-8495566bcf-6l7vb,1m,22Mi
2026-04-24T08:05:49Z,combined,argocd-redis-85cfb75bdd-44jsl,4m,9Mi
2026-04-24T08:05:49Z,combined,argocd-repo-server-9fd46496f-q9g6f,2m,35Mi
2026-04-24T08:05:49Z,combined,argocd-server-9c669c566-kmphd,3m,70Mi
2026-04-24T08:05:50Z,combined,argocd-application-controller-0,16m,216Mi
2026-04-24T08:05:50Z,combined,argocd-applicationset-controller-68fb4455bb-6d6k5,1m,25Mi
2026-04-24T08:05:50Z,combined,argocd-dex-server-76dcbcbc86-qmt95,1m,25Mi
2026-04-24T08:05:50Z,combined,argocd-notifications-controller-8495566bcf-6l7vb,1m,22Mi
2026-04-24T08:05:50Z,combined,argocd-redis-85cfb75bdd-44jsl,4m,9Mi
2026-04-24T08:05:50Z,combined,argocd-repo-server-9fd46496f-q9g6f,2m,35Mi
2026-04-24T08:05:50Z,combined,argocd-server-9c669c566-kmphd,3m,70Mi
2026-04-24T08:05:51Z,combined,argocd-application-controller-0,16m,216Mi
2026-04-24T08:05:51Z,combined,argocd-applicationset-controller-68fb4455bb-6d6k5,1m,25Mi
2026-04-24T08:05:51Z,combined,argocd-dex-server-76dcbcbc86-qmt95,1m,25Mi
2026-04-24T08:05:51Z,combined,argocd-notifications-controller-8495566bcf-6l7vb,1m,22Mi
2026-04-24T08:05:51Z,combined,argocd-redis-85cfb75bdd-44jsl,4m,9Mi
2026-04-24T08:05:51Z,combined,argocd-repo-server-9fd46496f-q9g6f,2m,35Mi
2026-04-24T08:05:51Z,combined,argocd-server-9c669c566-kmphd,3m,70Mi
2026-04-24T08:05:52Z,combined,argocd-application-controller-0,16m,216Mi
2026-04-24T08:05:52Z,combined,argocd-applicationset-controller-68fb4455bb-6d6k5,1m,25Mi
2026-04-24T08:05:52Z,combined,argocd-dex-server-76dcbcbc86-qmt95,1m,25Mi
2026-04-24T08:05:52Z,combined,argocd-notifications-controller-8495566bcf-6l7vb,1m,22Mi
2026-04-24T08:05:52Z,combined,argocd-redis-85cfb75bdd-44jsl,4m,9Mi
2026-04-24T08:05:52Z,combined,argocd-repo-server-9fd46496f-q9g6f,2m,35Mi
2026-04-24T08:05:52Z,combined,argocd-server-9c669c566-kmphd,3m,70Mi
2026-04-24T08:05:53Z,combined,argocd-application-controller-0,16m,216Mi
2026-04-24T08:05:53Z,combined,argocd-applicationset-controller-68fb4455bb-6d6k5,1m,25Mi
2026-04-24T08:05:53Z,combined,argocd-dex-server-76dcbcbc86-qmt95,1m,25Mi
2026-04-24T08:05:53Z,combined,argocd-notifications-controller-8495566bcf-6l7vb,1m,22Mi
2026-04-24T08:05:53Z,combined,argocd-redis-85cfb75bdd-44jsl,4m,9Mi
2026-04-24T08:05:53Z,combined,argocd-repo-server-9fd46496f-q9g6f,2m,35Mi
2026-04-24T08:05:53Z,combined,argocd-server-9c669c566-kmphd,3m,70Mi
2026-04-24T08:05:54Z,combined,argocd-application-controller-0,16m,216Mi
2026-04-24T08:05:54Z,combined,argocd-applicationset-controller-68fb4455bb-6d6k5,1m,25Mi
2026-04-24T08:05:54Z,combined,argocd-dex-server-76dcbcbc86-qmt95,1m,25Mi
2026-04-24T08:05:54Z,combined,argocd-notifications-controller-8495566bcf-6l7vb,1m,22Mi
2026-04-24T08:05:54Z,combined,argocd-redis-85cfb75bdd-44jsl,4m,9Mi
2026-04-24T08:05:54Z,combined,argocd-repo-server-9fd46496f-q9g6f,2m,35Mi
2026-04-24T08:05:54Z,combined,argocd-server-9c669c566-kmphd,3m,70Mi
2026-04-24T08:05:55Z,combined,argocd-application-controller-0,16m,216Mi
2026-04-24T08:05:55Z,combined,argocd-applicationset-controller-68fb4455bb-6d6k5,1m,25Mi
2026-04-24T08:05:55Z,combined,argocd-dex-server-76dcbcbc86-qmt95,1m,25Mi
2026-04-24T08:05:55Z,combined,argocd-notifications-controller-8495566bcf-6l7vb,1m,22Mi
2026-04-24T08:05:55Z,combined,argocd-redis-85cfb75bdd-44jsl,4m,9Mi
2026-04-24T08:05:55Z,combined,argocd-repo-server-9fd46496f-q9g6f,2m,35Mi
2026-04-24T08:05:55Z,combined,argocd-server-9c669c566-kmphd,3m,70Mi
2026-04-24T08:05:56Z,combined,argocd-application-controller-0,16m,216Mi
2026-04-24T08:05:56Z,combined,argocd-applicationset-controller-68fb4455bb-6d6k5,1m,25Mi
2026-04-24T08:05:56Z,combined,argocd-dex-server-76dcbcbc86-qmt95,1m,25Mi
2026-04-24T08:05:56Z,combined,argocd-notifications-controller-8495566bcf-6l7vb,1m,22Mi
2026-04-24T08:05:56Z,combined,argocd-redis-85cfb75bdd-44jsl,4m,9Mi
2026-04-24T08:05:56Z,combined,argocd-repo-server-9fd46496f-q9g6f,2m,35Mi
2026-04-24T08:05:56Z,combined,argocd-server-9c669c566-kmphd,3m,70Mi
2026-04-24T08:05:57Z,combined,argocd-application-controller-0,16m,216Mi
2026-04-24T08:05:57Z,combined,argocd-applicationset-controller-68fb4455bb-6d6k5,1m,25Mi
2026-04-24T08:05:57Z,combined,argocd-dex-server-76dcbcbc86-qmt95,1m,25Mi
2026-04-24T08:05:57Z,combined,argocd-notifications-controller-8495566bcf-6l7vb,1m,22Mi
2026-04-24T08:05:57Z,combined,argocd-redis-85cfb75bdd-44jsl,4m,9Mi
2026-04-24T08:05:57Z,combined,argocd-repo-server-9fd46496f-q9g6f,2m,35Mi
2026-04-24T08:05:57Z,combined,argocd-server-9c669c566-kmphd,3m,70Mi
2026-04-24T08:05:58Z,combined,argocd-application-controller-0,16m,216Mi
2026-04-24T08:05:58Z,combined,argocd-applicationset-controller-68fb4455bb-6d6k5,1m,25Mi
2026-04-24T08:05:58Z,combined,argocd-dex-server-76dcbcbc86-qmt95,1m,25Mi
2026-04-24T08:05:58Z,combined,argocd-notifications-controller-8495566bcf-6l7vb,1m,22Mi
2026-04-24T08:05:58Z,combined,argocd-redis-85cfb75bdd-44jsl,4m,9Mi
2026-04-24T08:05:58Z,combined,argocd-repo-server-9fd46496f-q9g6f,2m,35Mi
2026-04-24T08:05:58Z,combined,argocd-server-9c669c566-kmphd,3m,70Mi
2026-04-24T08:06:00Z,combined,argocd-application-controller-0,16m,216Mi
2026-04-24T08:06:00Z,combined,argocd-applicationset-controller-68fb4455bb-6d6k5,1m,25Mi
2026-04-24T08:06:00Z,combined,argocd-dex-server-76dcbcbc86-qmt95,1m,25Mi
2026-04-24T08:06:00Z,combined,argocd-notifications-controller-8495566bcf-6l7vb,1m,22Mi
2026-04-24T08:06:00Z,combined,argocd-redis-85cfb75bdd-44jsl,4m,9Mi
2026-04-24T08:06:00Z,combined,argocd-repo-server-9fd46496f-q9g6f,2m,35Mi
2026-04-24T08:06:00Z,combined,argocd-server-9c669c566-kmphd,3m,70Mi
2026-04-24T08:06:01Z,combined,argocd-application-controller-0,16m,216Mi
2026-04-24T08:06:01Z,combined,argocd-applicationset-controller-68fb4455bb-6d6k5,1m,25Mi
2026-04-24T08:06:01Z,combined,argocd-dex-server-76dcbcbc86-qmt95,1m,25Mi
2026-04-24T08:06:01Z,combined,argocd-notifications-controller-8495566bcf-6l7vb,1m,22Mi
2026-04-24T08:06:01Z,combined,argocd-redis-85cfb75bdd-44jsl,4m,9Mi
2026-04-24T08:06:01Z,combined,argocd-repo-server-9fd46496f-q9g6f,2m,35Mi
2026-04-24T08:06:01Z,combined,argocd-server-9c669c566-kmphd,3m,70Mi
2026-04-24T08:06:02Z,combined,argocd-application-controller-0,16m,216Mi
2026-04-24T08:06:02Z,combined,argocd-applicationset-controller-68fb4455bb-6d6k5,1m,25Mi
2026-04-24T08:06:02Z,combined,argocd-dex-server-76dcbcbc86-qmt95,1m,25Mi
2026-04-24T08:06:02Z,combined,argocd-notifications-controller-8495566bcf-6l7vb,1m,22Mi
2026-04-24T08:06:02Z,combined,argocd-redis-85cfb75bdd-44jsl,4m,9Mi
2026-04-24T08:06:02Z,combined,argocd-repo-server-9fd46496f-q9g6f,2m,35Mi
2026-04-24T08:06:02Z,combined,argocd-server-9c669c566-kmphd,3m,70Mi
2026-04-24T08:06:03Z,combined,argocd-application-controller-0,16m,216Mi
2026-04-24T08:06:03Z,combined,argocd-applicationset-controller-68fb4455bb-6d6k5,1m,25Mi
2026-04-24T08:06:03Z,combined,argocd-dex-server-76dcbcbc86-qmt95,1m,25Mi
2026-04-24T08:06:03Z,combined,argocd-notifications-controller-8495566bcf-6l7vb,1m,22Mi
2026-04-24T08:06:03Z,combined,argocd-redis-85cfb75bdd-44jsl,4m,9Mi
2026-04-24T08:06:03Z,combined,argocd-repo-server-9fd46496f-q9g6f,2m,35Mi
2026-04-24T08:06:03Z,combined,argocd-server-9c669c566-kmphd,3m,70Mi
2026-04-24T08:06:04Z,combined,argocd-application-controller-0,16m,216Mi
2026-04-24T08:06:04Z,combined,argocd-applicationset-controller-68fb4455bb-6d6k5,1m,25Mi
2026-04-24T08:06:04Z,combined,argocd-dex-server-76dcbcbc86-qmt95,1m,25Mi
2026-04-24T08:06:04Z,combined,argocd-notifications-controller-8495566bcf-6l7vb,1m,22Mi
2026-04-24T08:06:04Z,combined,argocd-redis-85cfb75bdd-44jsl,4m,9Mi
2026-04-24T08:06:04Z,combined,argocd-repo-server-9fd46496f-q9g6f,2m,35Mi
2026-04-24T08:06:04Z,combined,argocd-server-9c669c566-kmphd,3m,70Mi
2026-04-24T08:06:05Z,combined,argocd-application-controller-0,16m,216Mi
2026-04-24T08:06:05Z,combined,argocd-applicationset-controller-68fb4455bb-6d6k5,1m,25Mi
2026-04-24T08:06:05Z,combined,argocd-dex-server-76dcbcbc86-qmt95,1m,25Mi
2026-04-24T08:06:05Z,combined,argocd-notifications-controller-8495566bcf-6l7vb,1m,22Mi
2026-04-24T08:06:05Z,combined,argocd-redis-85cfb75bdd-44jsl,4m,9Mi
2026-04-24T08:06:05Z,combined,argocd-repo-server-9fd46496f-q9g6f,2m,35Mi
2026-04-24T08:06:05Z,combined,argocd-server-9c669c566-kmphd,3m,70Mi
2026-04-24T08:06:06Z,combined,argocd-application-controller-0,16m,216Mi
2026-04-24T08:06:06Z,combined,argocd-applicationset-controller-68fb4455bb-6d6k5,1m,25Mi
2026-04-24T08:06:06Z,combined,argocd-dex-server-76dcbcbc86-qmt95,1m,25Mi
2026-04-24T08:06:06Z,combined,argocd-notifications-controller-8495566bcf-6l7vb,1m,22Mi
2026-04-24T08:06:06Z,combined,argocd-redis-85cfb75bdd-44jsl,4m,9Mi
2026-04-24T08:06:06Z,combined,argocd-repo-server-9fd46496f-q9g6f,2m,35Mi
2026-04-24T08:06:06Z,combined,argocd-server-9c669c566-kmphd,3m,70Mi
2026-04-24T08:06:07Z,combined,argocd-application-controller-0,16m,216Mi
2026-04-24T08:06:07Z,combined,argocd-applicationset-controller-68fb4455bb-6d6k5,1m,25Mi
2026-04-24T08:06:07Z,combined,argocd-dex-server-76dcbcbc86-qmt95,1m,25Mi
2026-04-24T08:06:07Z,combined,argocd-notifications-controller-8495566bcf-6l7vb,1m,22Mi
2026-04-24T08:06:07Z,combined,argocd-redis-85cfb75bdd-44jsl,4m,9Mi
2026-04-24T08:06:07Z,combined,argocd-repo-server-9fd46496f-q9g6f,2m,35Mi
2026-04-24T08:06:07Z,combined,argocd-server-9c669c566-kmphd,3m,70Mi
2026-04-24T08:06:08Z,combined,argocd-application-controller-0,16m,216Mi
2026-04-24T08:06:08Z,combined,argocd-applicationset-controller-68fb4455bb-6d6k5,1m,25Mi
2026-04-24T08:06:08Z,combined,argocd-dex-server-76dcbcbc86-qmt95,1m,25Mi
2026-04-24T08:06:08Z,combined,argocd-notifications-controller-8495566bcf-6l7vb,1m,22Mi
2026-04-24T08:06:08Z,combined,argocd-redis-85cfb75bdd-44jsl,4m,9Mi
2026-04-24T08:06:08Z,combined,argocd-repo-server-9fd46496f-q9g6f,2m,35Mi
2026-04-24T08:06:08Z,combined,argocd-server-9c669c566-kmphd,3m,70Mi
2026-04-24T08:06:09Z,combined,argocd-application-controller-0,16m,216Mi
2026-04-24T08:06:09Z,combined,argocd-applicationset-controller-68fb4455bb-6d6k5,1m,25Mi
2026-04-24T08:06:09Z,combined,argocd-dex-server-76dcbcbc86-qmt95,1m,25Mi
2026-04-24T08:06:09Z,combined,argocd-notifications-controller-8495566bcf-6l7vb,1m,22Mi
2026-04-24T08:06:09Z,combined,argocd-redis-85cfb75bdd-44jsl,4m,9Mi
2026-04-24T08:06:09Z,combined,argocd-repo-server-9fd46496f-q9g6f,2m,35Mi
2026-04-24T08:06:09Z,combined,argocd-server-9c669c566-kmphd,3m,70Mi
2026-04-24T08:06:10Z,combined,argocd-application-controller-0,16m,216Mi
2026-04-24T08:06:10Z,combined,argocd-applicationset-controller-68fb4455bb-6d6k5,1m,25Mi
2026-04-24T08:06:10Z,combined,argocd-dex-server-76dcbcbc86-qmt95,1m,25Mi
2026-04-24T08:06:10Z,combined,argocd-notifications-controller-8495566bcf-6l7vb,1m,22Mi
2026-04-24T08:06:10Z,combined,argocd-redis-85cfb75bdd-44jsl,4m,9Mi
2026-04-24T08:06:10Z,combined,argocd-repo-server-9fd46496f-q9g6f,2m,35Mi
2026-04-24T08:06:10Z,combined,argocd-server-9c669c566-kmphd,3m,70Mi
2026-04-24T08:06:11Z,combined,argocd-application-controller-0,16m,216Mi
2026-04-24T08:06:11Z,combined,argocd-applicationset-controller-68fb4455bb-6d6k5,1m,25Mi
2026-04-24T08:06:11Z,combined,argocd-dex-server-76dcbcbc86-qmt95,1m,25Mi
2026-04-24T08:06:11Z,combined,argocd-notifications-controller-8495566bcf-6l7vb,1m,22Mi
2026-04-24T08:06:11Z,combined,argocd-redis-85cfb75bdd-44jsl,4m,9Mi
2026-04-24T08:06:11Z,combined,argocd-repo-server-9fd46496f-q9g6f,2m,35Mi
2026-04-24T08:06:11Z,combined,argocd-server-9c669c566-kmphd,3m,70Mi
2026-04-24T08:06:12Z,combined,argocd-application-controller-0,16m,216Mi
2026-04-24T08:06:12Z,combined,argocd-applicationset-controller-68fb4455bb-6d6k5,1m,25Mi
2026-04-24T08:06:12Z,combined,argocd-dex-server-76dcbcbc86-qmt95,1m,25Mi
2026-04-24T08:06:12Z,combined,argocd-notifications-controller-8495566bcf-6l7vb,1m,22Mi
2026-04-24T08:06:12Z,combined,argocd-redis-85cfb75bdd-44jsl,4m,9Mi
2026-04-24T08:06:12Z,combined,argocd-repo-server-9fd46496f-q9g6f,2m,35Mi
2026-04-24T08:06:12Z,combined,argocd-server-9c669c566-kmphd,3m,70Mi
2026-04-24T08:06:13Z,combined,argocd-application-controller-0,16m,216Mi
2026-04-24T08:06:13Z,combined,argocd-applicationset-controller-68fb4455bb-6d6k5,1m,25Mi
2026-04-24T08:06:13Z,combined,argocd-dex-server-76dcbcbc86-qmt95,1m,25Mi
2026-04-24T08:06:13Z,combined,argocd-notifications-controller-8495566bcf-6l7vb,1m,22Mi
2026-04-24T08:06:13Z,combined,argocd-redis-85cfb75bdd-44jsl,4m,9Mi
2026-04-24T08:06:13Z,combined,argocd-repo-server-9fd46496f-q9g6f,2m,35Mi
2026-04-24T08:06:13Z,combined,argocd-server-9c669c566-kmphd,3m,70Mi
2026-04-24T08:06:14Z,combined,argocd-application-controller-0,16m,216Mi
2026-04-24T08:06:14Z,combined,argocd-applicationset-controller-68fb4455bb-6d6k5,1m,25Mi
2026-04-24T08:06:14Z,combined,argocd-dex-server-76dcbcbc86-qmt95,1m,25Mi
2026-04-24T08:06:14Z,combined,argocd-notifications-controller-8495566bcf-6l7vb,1m,22Mi
2026-04-24T08:06:14Z,combined,argocd-redis-85cfb75bdd-44jsl,4m,9Mi
2026-04-24T08:06:14Z,combined,argocd-repo-server-9fd46496f-q9g6f,2m,35Mi
2026-04-24T08:06:14Z,combined,argocd-server-9c669c566-kmphd,3m,70Mi
2026-04-24T08:06:15Z,combined,argocd-application-controller-0,16m,216Mi
2026-04-24T08:06:15Z,combined,argocd-applicationset-controller-68fb4455bb-6d6k5,1m,25Mi
2026-04-24T08:06:15Z,combined,argocd-dex-server-76dcbcbc86-qmt95,1m,25Mi
2026-04-24T08:06:15Z,combined,argocd-notifications-controller-8495566bcf-6l7vb,1m,22Mi
2026-04-24T08:06:15Z,combined,argocd-redis-85cfb75bdd-44jsl,4m,9Mi
2026-04-24T08:06:15Z,combined,argocd-repo-server-9fd46496f-q9g6f,2m,35Mi
2026-04-24T08:06:15Z,combined,argocd-server-9c669c566-kmphd,3m,70Mi
2026-04-24T08:06:16Z,combined,argocd-application-controller-0,16m,216Mi
2026-04-24T08:06:16Z,combined,argocd-applicationset-controller-68fb4455bb-6d6k5,1m,25Mi
2026-04-24T08:06:16Z,combined,argocd-dex-server-76dcbcbc86-qmt95,1m,25Mi
2026-04-24T08:06:16Z,combined,argocd-notifications-controller-8495566bcf-6l7vb,1m,22Mi
2026-04-24T08:06:16Z,combined,argocd-redis-85cfb75bdd-44jsl,4m,9Mi
2026-04-24T08:06:16Z,combined,argocd-repo-server-9fd46496f-q9g6f,2m,35Mi
2026-04-24T08:06:16Z,combined,argocd-server-9c669c566-kmphd,3m,70Mi
2026-04-24T08:06:17Z,combined,argocd-application-controller-0,16m,216Mi
2026-04-24T08:06:17Z,combined,argocd-applicationset-controller-68fb4455bb-6d6k5,1m,25Mi
2026-04-24T08:06:17Z,combined,argocd-dex-server-76dcbcbc86-qmt95,1m,25Mi
2026-04-24T08:06:17Z,combined,argocd-notifications-controller-8495566bcf-6l7vb,1m,22Mi
2026-04-24T08:06:17Z,combined,argocd-redis-85cfb75bdd-44jsl,4m,9Mi
2026-04-24T08:06:17Z,combined,argocd-repo-server-9fd46496f-q9g6f,2m,35Mi
2026-04-24T08:06:17Z,combined,argocd-server-9c669c566-kmphd,3m,70Mi
2026-04-24T08:06:18Z,combined,argocd-application-controller-0,16m,216Mi
2026-04-24T08:06:18Z,combined,argocd-applicationset-controller-68fb4455bb-6d6k5,1m,25Mi
2026-04-24T08:06:18Z,combined,argocd-dex-server-76dcbcbc86-qmt95,1m,25Mi
2026-04-24T08:06:18Z,combined,argocd-notifications-controller-8495566bcf-6l7vb,1m,22Mi
2026-04-24T08:06:18Z,combined,argocd-redis-85cfb75bdd-44jsl,4m,9Mi
2026-04-24T08:06:18Z,combined,argocd-repo-server-9fd46496f-q9g6f,2m,35Mi
2026-04-24T08:06:18Z,combined,argocd-server-9c669c566-kmphd,3m,70Mi
2026-04-24T08:06:19Z,combined,argocd-application-controller-0,16m,216Mi
2026-04-24T08:06:19Z,combined,argocd-applicationset-controller-68fb4455bb-6d6k5,1m,25Mi
2026-04-24T08:06:19Z,combined,argocd-dex-server-76dcbcbc86-qmt95,1m,25Mi
2026-04-24T08:06:19Z,combined,argocd-notifications-controller-8495566bcf-6l7vb,1m,22Mi
2026-04-24T08:06:19Z,combined,argocd-redis-85cfb75bdd-44jsl,4m,9Mi
2026-04-24T08:06:19Z,combined,argocd-repo-server-9fd46496f-q9g6f,2m,35Mi
2026-04-24T08:06:19Z,combined,argocd-server-9c669c566-kmphd,3m,70Mi
2026-04-24T08:06:20Z,combined,argocd-application-controller-0,16m,216Mi
2026-04-24T08:06:20Z,combined,argocd-applicationset-controller-68fb4455bb-6d6k5,1m,25Mi
2026-04-24T08:06:20Z,combined,argocd-dex-server-76dcbcbc86-qmt95,1m,25Mi
2026-04-24T08:06:20Z,combined,argocd-notifications-controller-8495566bcf-6l7vb,1m,22Mi
2026-04-24T08:06:20Z,combined,argocd-redis-85cfb75bdd-44jsl,4m,9Mi
2026-04-24T08:06:20Z,combined,argocd-repo-server-9fd46496f-q9g6f,2m,35Mi
2026-04-24T08:06:20Z,combined,argocd-server-9c669c566-kmphd,3m,70Mi
2026-04-24T08:06:22Z,combined,argocd-application-controller-0,16m,216Mi
2026-04-24T08:06:22Z,combined,argocd-applicationset-controller-68fb4455bb-6d6k5,1m,25Mi
2026-04-24T08:06:22Z,combined,argocd-dex-server-76dcbcbc86-qmt95,1m,25Mi
2026-04-24T08:06:22Z,combined,argocd-notifications-controller-8495566bcf-6l7vb,1m,22Mi
2026-04-24T08:06:22Z,combined,argocd-redis-85cfb75bdd-44jsl,4m,9Mi
2026-04-24T08:06:22Z,combined,argocd-repo-server-9fd46496f-q9g6f,2m,35Mi
2026-04-24T08:06:22Z,combined,argocd-server-9c669c566-kmphd,3m,70Mi
2026-04-24T08:06:23Z,combined,argocd-application-controller-0,16m,216Mi
2026-04-24T08:06:23Z,combined,argocd-applicationset-controller-68fb4455bb-6d6k5,1m,25Mi
2026-04-24T08:06:23Z,combined,argocd-dex-server-76dcbcbc86-qmt95,1m,25Mi
2026-04-24T08:06:23Z,combined,argocd-notifications-controller-8495566bcf-6l7vb,1m,22Mi
2026-04-24T08:06:23Z,combined,argocd-redis-85cfb75bdd-44jsl,4m,9Mi
2026-04-24T08:06:23Z,combined,argocd-repo-server-9fd46496f-q9g6f,2m,35Mi
2026-04-24T08:06:23Z,combined,argocd-server-9c669c566-kmphd,3m,70Mi
2026-04-24T08:06:24Z,combined,argocd-application-controller-0,16m,216Mi
2026-04-24T08:06:24Z,combined,argocd-applicationset-controller-68fb4455bb-6d6k5,1m,25Mi
2026-04-24T08:06:24Z,combined,argocd-dex-server-76dcbcbc86-qmt95,1m,25Mi
2026-04-24T08:06:24Z,combined,argocd-notifications-controller-8495566bcf-6l7vb,1m,22Mi
2026-04-24T08:06:24Z,combined,argocd-redis-85cfb75bdd-44jsl,4m,9Mi
2026-04-24T08:06:24Z,combined,argocd-repo-server-9fd46496f-q9g6f,2m,35Mi
2026-04-24T08:06:24Z,combined,argocd-server-9c669c566-kmphd,3m,70Mi
2026-04-24T08:06:25Z,combined,argocd-application-controller-0,16m,216Mi
2026-04-24T08:06:25Z,combined,argocd-applicationset-controller-68fb4455bb-6d6k5,1m,25Mi
2026-04-24T08:06:25Z,combined,argocd-dex-server-76dcbcbc86-qmt95,1m,25Mi
2026-04-24T08:06:25Z,combined,argocd-notifications-controller-8495566bcf-6l7vb,1m,22Mi
2026-04-24T08:06:25Z,combined,argocd-redis-85cfb75bdd-44jsl,4m,9Mi
2026-04-24T08:06:25Z,combined,argocd-repo-server-9fd46496f-q9g6f,2m,35Mi
2026-04-24T08:06:25Z,combined,argocd-server-9c669c566-kmphd,3m,70Mi
2026-04-24T08:06:26Z,combined,argocd-application-controller-0,16m,216Mi
2026-04-24T08:06:26Z,combined,argocd-applicationset-controller-68fb4455bb-6d6k5,1m,25Mi
2026-04-24T08:06:26Z,combined,argocd-dex-server-76dcbcbc86-qmt95,1m,25Mi
2026-04-24T08:06:26Z,combined,argocd-notifications-controller-8495566bcf-6l7vb,1m,22Mi
2026-04-24T08:06:26Z,combined,argocd-redis-85cfb75bdd-44jsl,4m,9Mi
2026-04-24T08:06:26Z,combined,argocd-repo-server-9fd46496f-q9g6f,2m,35Mi
2026-04-24T08:06:26Z,combined,argocd-server-9c669c566-kmphd,3m,70Mi
2026-04-24T08:06:27Z,combined,argocd-application-controller-0,16m,216Mi
2026-04-24T08:06:27Z,combined,argocd-applicationset-controller-68fb4455bb-6d6k5,1m,25Mi
2026-04-24T08:06:27Z,combined,argocd-dex-server-76dcbcbc86-qmt95,1m,25Mi
2026-04-24T08:06:27Z,combined,argocd-notifications-controller-8495566bcf-6l7vb,1m,22Mi
2026-04-24T08:06:27Z,combined,argocd-redis-85cfb75bdd-44jsl,4m,9Mi
2026-04-24T08:06:27Z,combined,argocd-repo-server-9fd46496f-q9g6f,2m,35Mi
2026-04-24T08:06:27Z,combined,argocd-server-9c669c566-kmphd,3m,70Mi
2026-04-24T08:06:28Z,combined,argocd-application-controller-0,16m,216Mi
2026-04-24T08:06:28Z,combined,argocd-applicationset-controller-68fb4455bb-6d6k5,1m,25Mi
2026-04-24T08:06:28Z,combined,argocd-dex-server-76dcbcbc86-qmt95,1m,25Mi
2026-04-24T08:06:28Z,combined,argocd-notifications-controller-8495566bcf-6l7vb,1m,22Mi
2026-04-24T08:06:28Z,combined,argocd-redis-85cfb75bdd-44jsl,4m,9Mi
2026-04-24T08:06:28Z,combined,argocd-repo-server-9fd46496f-q9g6f,2m,35Mi
2026-04-24T08:06:28Z,combined,argocd-server-9c669c566-kmphd,3m,70Mi
2026-04-24T08:06:29Z,combined,argocd-application-controller-0,5m,196Mi
2026-04-24T08:06:29Z,combined,argocd-applicationset-controller-68fb4455bb-6d6k5,1m,25Mi
2026-04-24T08:06:29Z,combined,argocd-dex-server-76dcbcbc86-qmt95,1m,25Mi
2026-04-24T08:06:29Z,combined,argocd-notifications-controller-8495566bcf-6l7vb,1m,22Mi
2026-04-24T08:06:29Z,combined,argocd-redis-85cfb75bdd-44jsl,4m,9Mi
2026-04-24T08:06:29Z,combined,argocd-repo-server-9fd46496f-q9g6f,2m,36Mi
2026-04-24T08:06:29Z,combined,argocd-server-9c669c566-kmphd,2m,75Mi
2026-04-24T08:06:30Z,combined,argocd-application-controller-0,5m,196Mi
2026-04-24T08:06:30Z,combined,argocd-applicationset-controller-68fb4455bb-6d6k5,1m,25Mi
2026-04-24T08:06:30Z,combined,argocd-dex-server-76dcbcbc86-qmt95,1m,25Mi
2026-04-24T08:06:30Z,combined,argocd-notifications-controller-8495566bcf-6l7vb,1m,22Mi
2026-04-24T08:06:30Z,combined,argocd-redis-85cfb75bdd-44jsl,4m,9Mi
2026-04-24T08:06:30Z,combined,argocd-repo-server-9fd46496f-q9g6f,2m,36Mi
2026-04-24T08:06:30Z,combined,argocd-server-9c669c566-kmphd,2m,75Mi
2026-04-24T08:06:31Z,combined,argocd-application-controller-0,5m,196Mi
2026-04-24T08:06:31Z,combined,argocd-applicationset-controller-68fb4455bb-6d6k5,1m,25Mi
2026-04-24T08:06:31Z,combined,argocd-dex-server-76dcbcbc86-qmt95,1m,25Mi
2026-04-24T08:06:31Z,combined,argocd-notifications-controller-8495566bcf-6l7vb,1m,22Mi
2026-04-24T08:06:31Z,combined,argocd-redis-85cfb75bdd-44jsl,4m,9Mi
2026-04-24T08:06:31Z,combined,argocd-repo-server-9fd46496f-q9g6f,2m,36Mi
2026-04-24T08:06:31Z,combined,argocd-server-9c669c566-kmphd,2m,75Mi
2026-04-24T08:06:32Z,combined,argocd-application-controller-0,5m,196Mi
2026-04-24T08:06:32Z,combined,argocd-applicationset-controller-68fb4455bb-6d6k5,1m,25Mi
2026-04-24T08:06:32Z,combined,argocd-dex-server-76dcbcbc86-qmt95,1m,25Mi
2026-04-24T08:06:32Z,combined,argocd-notifications-controller-8495566bcf-6l7vb,1m,22Mi
2026-04-24T08:06:32Z,combined,argocd-redis-85cfb75bdd-44jsl,4m,9Mi
2026-04-24T08:06:32Z,combined,argocd-repo-server-9fd46496f-q9g6f,2m,36Mi
2026-04-24T08:06:32Z,combined,argocd-server-9c669c566-kmphd,2m,75Mi
2026-04-24T08:06:33Z,combined,argocd-application-controller-0,5m,196Mi
2026-04-24T08:06:33Z,combined,argocd-applicationset-controller-68fb4455bb-6d6k5,1m,25Mi
2026-04-24T08:06:33Z,combined,argocd-dex-server-76dcbcbc86-qmt95,1m,25Mi
2026-04-24T08:06:33Z,combined,argocd-notifications-controller-8495566bcf-6l7vb,1m,22Mi
2026-04-24T08:06:33Z,combined,argocd-redis-85cfb75bdd-44jsl,4m,9Mi
2026-04-24T08:06:33Z,combined,argocd-repo-server-9fd46496f-q9g6f,2m,36Mi
2026-04-24T08:06:33Z,combined,argocd-server-9c669c566-kmphd,2m,75Mi
2026-04-24T08:06:34Z,combined,argocd-application-controller-0,5m,196Mi
2026-04-24T08:06:34Z,combined,argocd-applicationset-controller-68fb4455bb-6d6k5,1m,25Mi
2026-04-24T08:06:34Z,combined,argocd-dex-server-76dcbcbc86-qmt95,1m,25Mi
2026-04-24T08:06:34Z,combined,argocd-notifications-controller-8495566bcf-6l7vb,1m,22Mi
2026-04-24T08:06:34Z,combined,argocd-redis-85cfb75bdd-44jsl,4m,9Mi
2026-04-24T08:06:34Z,combined,argocd-repo-server-9fd46496f-q9g6f,2m,36Mi
2026-04-24T08:06:34Z,combined,argocd-server-9c669c566-kmphd,2m,75Mi
2026-04-24T08:06:35Z,combined,argocd-application-controller-0,5m,196Mi
2026-04-24T08:06:35Z,combined,argocd-applicationset-controller-68fb4455bb-6d6k5,1m,25Mi
2026-04-24T08:06:35Z,combined,argocd-dex-server-76dcbcbc86-qmt95,1m,25Mi
2026-04-24T08:06:35Z,combined,argocd-notifications-controller-8495566bcf-6l7vb,1m,22Mi
2026-04-24T08:06:35Z,combined,argocd-redis-85cfb75bdd-44jsl,4m,9Mi
2026-04-24T08:06:35Z,combined,argocd-repo-server-9fd46496f-q9g6f,2m,36Mi
2026-04-24T08:06:35Z,combined,argocd-server-9c669c566-kmphd,2m,75Mi
2026-04-24T08:06:36Z,combined,argocd-application-controller-0,5m,196Mi
2026-04-24T08:06:36Z,combined,argocd-applicationset-controller-68fb4455bb-6d6k5,1m,25Mi
2026-04-24T08:06:36Z,combined,argocd-dex-server-76dcbcbc86-qmt95,1m,25Mi
2026-04-24T08:06:36Z,combined,argocd-notifications-controller-8495566bcf-6l7vb,1m,22Mi
2026-04-24T08:06:36Z,combined,argocd-redis-85cfb75bdd-44jsl,4m,9Mi
2026-04-24T08:06:36Z,combined,argocd-repo-server-9fd46496f-q9g6f,2m,36Mi
2026-04-24T08:06:36Z,combined,argocd-server-9c669c566-kmphd,2m,75Mi
2026-04-24T08:06:37Z,combined,argocd-application-controller-0,5m,196Mi
2026-04-24T08:06:37Z,combined,argocd-applicationset-controller-68fb4455bb-6d6k5,1m,25Mi
2026-04-24T08:06:37Z,combined,argocd-dex-server-76dcbcbc86-qmt95,1m,25Mi
2026-04-24T08:06:37Z,combined,argocd-notifications-controller-8495566bcf-6l7vb,1m,22Mi
2026-04-24T08:06:37Z,combined,argocd-redis-85cfb75bdd-44jsl,4m,9Mi
2026-04-24T08:06:37Z,combined,argocd-repo-server-9fd46496f-q9g6f,2m,36Mi
2026-04-24T08:06:37Z,combined,argocd-server-9c669c566-kmphd,2m,75Mi
2026-04-24T08:06:38Z,combined,argocd-application-controller-0,5m,196Mi
2026-04-24T08:06:38Z,combined,argocd-applicationset-controller-68fb4455bb-6d6k5,1m,25Mi
2026-04-24T08:06:38Z,combined,argocd-dex-server-76dcbcbc86-qmt95,1m,25Mi
2026-04-24T08:06:38Z,combined,argocd-notifications-controller-8495566bcf-6l7vb,1m,22Mi
2026-04-24T08:06:38Z,combined,argocd-redis-85cfb75bdd-44jsl,4m,9Mi
2026-04-24T08:06:38Z,combined,argocd-repo-server-9fd46496f-q9g6f,2m,36Mi
2026-04-24T08:06:38Z,combined,argocd-server-9c669c566-kmphd,2m,75Mi
2026-04-24T08:06:39Z,combined,argocd-application-controller-0,5m,196Mi
2026-04-24T08:06:39Z,combined,argocd-applicationset-controller-68fb4455bb-6d6k5,1m,25Mi
2026-04-24T08:06:39Z,combined,argocd-dex-server-76dcbcbc86-qmt95,1m,25Mi
2026-04-24T08:06:39Z,combined,argocd-notifications-controller-8495566bcf-6l7vb,1m,22Mi
2026-04-24T08:06:39Z,combined,argocd-redis-85cfb75bdd-44jsl,4m,9Mi
2026-04-24T08:06:39Z,combined,argocd-repo-server-9fd46496f-q9g6f,2m,36Mi
2026-04-24T08:06:39Z,combined,argocd-server-9c669c566-kmphd,2m,75Mi
2026-04-24T08:06:40Z,combined,argocd-application-controller-0,5m,196Mi
2026-04-24T08:06:40Z,combined,argocd-applicationset-controller-68fb4455bb-6d6k5,1m,25Mi
2026-04-24T08:06:40Z,combined,argocd-dex-server-76dcbcbc86-qmt95,1m,25Mi
2026-04-24T08:06:40Z,combined,argocd-notifications-controller-8495566bcf-6l7vb,1m,22Mi
2026-04-24T08:06:40Z,combined,argocd-redis-85cfb75bdd-44jsl,4m,9Mi
2026-04-24T08:06:40Z,combined,argocd-repo-server-9fd46496f-q9g6f,2m,36Mi
2026-04-24T08:06:40Z,combined,argocd-server-9c669c566-kmphd,2m,75Mi
2026-04-24T08:06:41Z,combined,argocd-application-controller-0,5m,196Mi
2026-04-24T08:06:41Z,combined,argocd-applicationset-controller-68fb4455bb-6d6k5,1m,25Mi
2026-04-24T08:06:41Z,combined,argocd-dex-server-76dcbcbc86-qmt95,1m,25Mi
2026-04-24T08:06:41Z,combined,argocd-notifications-controller-8495566bcf-6l7vb,1m,22Mi
2026-04-24T08:06:41Z,combined,argocd-redis-85cfb75bdd-44jsl,4m,9Mi
2026-04-24T08:06:41Z,combined,argocd-repo-server-9fd46496f-q9g6f,2m,36Mi
2026-04-24T08:06:41Z,combined,argocd-server-9c669c566-kmphd,2m,75Mi
2026-04-24T08:06:42Z,combined,argocd-application-controller-0,5m,196Mi
2026-04-24T08:06:42Z,combined,argocd-applicationset-controller-68fb4455bb-6d6k5,1m,25Mi
2026-04-24T08:06:42Z,combined,argocd-dex-server-76dcbcbc86-qmt95,1m,25Mi
2026-04-24T08:06:42Z,combined,argocd-notifications-controller-8495566bcf-6l7vb,1m,22Mi
2026-04-24T08:06:42Z,combined,argocd-redis-85cfb75bdd-44jsl,4m,9Mi
2026-04-24T08:06:42Z,combined,argocd-repo-server-9fd46496f-q9g6f,2m,36Mi
2026-04-24T08:06:42Z,combined,argocd-server-9c669c566-kmphd,2m,75Mi
2026-04-24T08:06:44Z,combined,argocd-application-controller-0,5m,196Mi
2026-04-24T08:06:44Z,combined,argocd-applicationset-controller-68fb4455bb-6d6k5,1m,25Mi
2026-04-24T08:06:44Z,combined,argocd-dex-server-76dcbcbc86-qmt95,1m,25Mi
2026-04-24T08:06:44Z,combined,argocd-notifications-controller-8495566bcf-6l7vb,1m,22Mi
2026-04-24T08:06:44Z,combined,argocd-redis-85cfb75bdd-44jsl,4m,9Mi
2026-04-24T08:06:44Z,combined,argocd-repo-server-9fd46496f-q9g6f,2m,36Mi
2026-04-24T08:06:44Z,combined,argocd-server-9c669c566-kmphd,2m,75Mi
2026-04-24T08:06:45Z,combined,argocd-application-controller-0,5m,196Mi
2026-04-24T08:06:45Z,combined,argocd-applicationset-controller-68fb4455bb-6d6k5,1m,25Mi
2026-04-24T08:06:45Z,combined,argocd-dex-server-76dcbcbc86-qmt95,1m,25Mi
2026-04-24T08:06:45Z,combined,argocd-notifications-controller-8495566bcf-6l7vb,1m,22Mi
2026-04-24T08:06:45Z,combined,argocd-redis-85cfb75bdd-44jsl,4m,9Mi
2026-04-24T08:06:45Z,combined,argocd-repo-server-9fd46496f-q9g6f,2m,36Mi
2026-04-24T08:06:45Z,combined,argocd-server-9c669c566-kmphd,2m,75Mi
2026-04-24T08:06:46Z,combined,argocd-application-controller-0,5m,196Mi
2026-04-24T08:06:46Z,combined,argocd-applicationset-controller-68fb4455bb-6d6k5,1m,25Mi
2026-04-24T08:06:46Z,combined,argocd-dex-server-76dcbcbc86-qmt95,1m,25Mi
2026-04-24T08:06:46Z,combined,argocd-notifications-controller-8495566bcf-6l7vb,1m,22Mi
2026-04-24T08:06:46Z,combined,argocd-redis-85cfb75bdd-44jsl,4m,9Mi
2026-04-24T08:06:46Z,combined,argocd-repo-server-9fd46496f-q9g6f,2m,36Mi
2026-04-24T08:06:46Z,combined,argocd-server-9c669c566-kmphd,2m,75Mi
2026-04-24T08:06:47Z,combined,argocd-application-controller-0,5m,196Mi
2026-04-24T08:06:47Z,combined,argocd-applicationset-controller-68fb4455bb-6d6k5,1m,25Mi
2026-04-24T08:06:47Z,combined,argocd-dex-server-76dcbcbc86-qmt95,1m,25Mi
2026-04-24T08:06:47Z,combined,argocd-notifications-controller-8495566bcf-6l7vb,1m,22Mi
2026-04-24T08:06:47Z,combined,argocd-redis-85cfb75bdd-44jsl,4m,9Mi
2026-04-24T08:06:47Z,combined,argocd-repo-server-9fd46496f-q9g6f,2m,36Mi
2026-04-24T08:06:47Z,combined,argocd-server-9c669c566-kmphd,2m,75Mi
2026-04-24T08:06:48Z,combined,argocd-application-controller-0,5m,196Mi
2026-04-24T08:06:48Z,combined,argocd-applicationset-controller-68fb4455bb-6d6k5,1m,25Mi
2026-04-24T08:06:48Z,combined,argocd-dex-server-76dcbcbc86-qmt95,1m,25Mi
2026-04-24T08:06:48Z,combined,argocd-notifications-controller-8495566bcf-6l7vb,1m,22Mi
2026-04-24T08:06:48Z,combined,argocd-redis-85cfb75bdd-44jsl,4m,9Mi
2026-04-24T08:06:48Z,combined,argocd-repo-server-9fd46496f-q9g6f,2m,36Mi
2026-04-24T08:06:48Z,combined,argocd-server-9c669c566-kmphd,2m,75Mi
2026-04-24T08:06:49Z,combined,argocd-application-controller-0,5m,196Mi
2026-04-24T08:06:49Z,combined,argocd-applicationset-controller-68fb4455bb-6d6k5,1m,25Mi
2026-04-24T08:06:49Z,combined,argocd-dex-server-76dcbcbc86-qmt95,1m,25Mi
2026-04-24T08:06:49Z,combined,argocd-notifications-controller-8495566bcf-6l7vb,1m,22Mi
2026-04-24T08:06:49Z,combined,argocd-redis-85cfb75bdd-44jsl,4m,9Mi
2026-04-24T08:06:49Z,combined,argocd-repo-server-9fd46496f-q9g6f,2m,36Mi
2026-04-24T08:06:49Z,combined,argocd-server-9c669c566-kmphd,2m,75Mi
2026-04-24T08:06:50Z,combined,argocd-application-controller-0,5m,196Mi
2026-04-24T08:06:50Z,combined,argocd-applicationset-controller-68fb4455bb-6d6k5,1m,25Mi
2026-04-24T08:06:50Z,combined,argocd-dex-server-76dcbcbc86-qmt95,1m,25Mi
2026-04-24T08:06:50Z,combined,argocd-notifications-controller-8495566bcf-6l7vb,1m,22Mi
2026-04-24T08:06:50Z,combined,argocd-redis-85cfb75bdd-44jsl,4m,9Mi
2026-04-24T08:06:50Z,combined,argocd-repo-server-9fd46496f-q9g6f,2m,36Mi
2026-04-24T08:06:50Z,combined,argocd-server-9c669c566-kmphd,2m,75Mi
2026-04-24T08:06:51Z,combined,argocd-application-controller-0,5m,196Mi
2026-04-24T08:06:51Z,combined,argocd-applicationset-controller-68fb4455bb-6d6k5,1m,25Mi
2026-04-24T08:06:51Z,combined,argocd-dex-server-76dcbcbc86-qmt95,1m,25Mi
2026-04-24T08:06:51Z,combined,argocd-notifications-controller-8495566bcf-6l7vb,1m,22Mi
2026-04-24T08:06:51Z,combined,argocd-redis-85cfb75bdd-44jsl,4m,9Mi
2026-04-24T08:06:51Z,combined,argocd-repo-server-9fd46496f-q9g6f,2m,36Mi
2026-04-24T08:06:51Z,combined,argocd-server-9c669c566-kmphd,2m,75Mi
2026-04-24T08:06:52Z,combined,argocd-application-controller-0,5m,196Mi
2026-04-24T08:06:52Z,combined,argocd-applicationset-controller-68fb4455bb-6d6k5,1m,25Mi
2026-04-24T08:06:52Z,combined,argocd-dex-server-76dcbcbc86-qmt95,1m,25Mi
2026-04-24T08:06:52Z,combined,argocd-notifications-controller-8495566bcf-6l7vb,1m,22Mi
2026-04-24T08:06:52Z,combined,argocd-redis-85cfb75bdd-44jsl,4m,9Mi
2026-04-24T08:06:52Z,combined,argocd-repo-server-9fd46496f-q9g6f,2m,36Mi
2026-04-24T08:06:52Z,combined,argocd-server-9c669c566-kmphd,2m,75Mi
2026-04-24T08:06:53Z,combined,argocd-application-controller-0,5m,196Mi
2026-04-24T08:06:53Z,combined,argocd-applicationset-controller-68fb4455bb-6d6k5,1m,25Mi
2026-04-24T08:06:53Z,combined,argocd-dex-server-76dcbcbc86-qmt95,1m,25Mi
2026-04-24T08:06:53Z,combined,argocd-notifications-controller-8495566bcf-6l7vb,1m,22Mi
2026-04-24T08:06:53Z,combined,argocd-redis-85cfb75bdd-44jsl,4m,9Mi
2026-04-24T08:06:53Z,combined,argocd-repo-server-9fd46496f-q9g6f,2m,36Mi
2026-04-24T08:06:53Z,combined,argocd-server-9c669c566-kmphd,2m,75Mi
2026-04-24T08:06:54Z,combined,argocd-application-controller-0,5m,196Mi
2026-04-24T08:06:54Z,combined,argocd-applicationset-controller-68fb4455bb-6d6k5,1m,25Mi
2026-04-24T08:06:54Z,combined,argocd-dex-server-76dcbcbc86-qmt95,1m,25Mi
2026-04-24T08:06:54Z,combined,argocd-notifications-controller-8495566bcf-6l7vb,1m,22Mi
2026-04-24T08:06:54Z,combined,argocd-redis-85cfb75bdd-44jsl,4m,9Mi
2026-04-24T08:06:54Z,combined,argocd-repo-server-9fd46496f-q9g6f,2m,36Mi
2026-04-24T08:06:54Z,combined,argocd-server-9c669c566-kmphd,2m,75Mi
2026-04-24T08:06:55Z,combined,argocd-application-controller-0,5m,196Mi
2026-04-24T08:06:55Z,combined,argocd-applicationset-controller-68fb4455bb-6d6k5,1m,25Mi
2026-04-24T08:06:55Z,combined,argocd-dex-server-76dcbcbc86-qmt95,1m,25Mi
2026-04-24T08:06:55Z,combined,argocd-notifications-controller-8495566bcf-6l7vb,1m,22Mi
2026-04-24T08:06:55Z,combined,argocd-redis-85cfb75bdd-44jsl,4m,9Mi
2026-04-24T08:06:55Z,combined,argocd-repo-server-9fd46496f-q9g6f,2m,36Mi
2026-04-24T08:06:55Z,combined,argocd-server-9c669c566-kmphd,2m,75Mi
2026-04-24T08:06:56Z,combined,argocd-application-controller-0,5m,196Mi
2026-04-24T08:06:56Z,combined,argocd-applicationset-controller-68fb4455bb-6d6k5,1m,25Mi
2026-04-24T08:06:56Z,combined,argocd-dex-server-76dcbcbc86-qmt95,1m,25Mi
2026-04-24T08:06:56Z,combined,argocd-notifications-controller-8495566bcf-6l7vb,1m,22Mi
2026-04-24T08:06:56Z,combined,argocd-redis-85cfb75bdd-44jsl,4m,9Mi
2026-04-24T08:06:56Z,combined,argocd-repo-server-9fd46496f-q9g6f,2m,36Mi
2026-04-24T08:06:56Z,combined,argocd-server-9c669c566-kmphd,2m,75Mi
2026-04-24T08:06:57Z,combined,argocd-application-controller-0,5m,196Mi
2026-04-24T08:06:57Z,combined,argocd-applicationset-controller-68fb4455bb-6d6k5,1m,25Mi
2026-04-24T08:06:57Z,combined,argocd-dex-server-76dcbcbc86-qmt95,1m,25Mi
2026-04-24T08:06:57Z,combined,argocd-notifications-controller-8495566bcf-6l7vb,1m,22Mi
2026-04-24T08:06:57Z,combined,argocd-redis-85cfb75bdd-44jsl,4m,9Mi
2026-04-24T08:06:57Z,combined,argocd-repo-server-9fd46496f-q9g6f,2m,36Mi
2026-04-24T08:06:57Z,combined,argocd-server-9c669c566-kmphd,2m,75Mi
2026-04-24T08:06:58Z,combined,argocd-application-controller-0,5m,196Mi
2026-04-24T08:06:58Z,combined,argocd-applicationset-controller-68fb4455bb-6d6k5,1m,25Mi
2026-04-24T08:06:58Z,combined,argocd-dex-server-76dcbcbc86-qmt95,1m,25Mi
2026-04-24T08:06:58Z,combined,argocd-notifications-controller-8495566bcf-6l7vb,1m,22Mi
2026-04-24T08:06:58Z,combined,argocd-redis-85cfb75bdd-44jsl,4m,9Mi
2026-04-24T08:06:58Z,combined,argocd-repo-server-9fd46496f-q9g6f,2m,36Mi
2026-04-24T08:06:58Z,combined,argocd-server-9c669c566-kmphd,2m,75Mi
2026-04-24T08:06:59Z,combined,argocd-application-controller-0,5m,196Mi
2026-04-24T08:06:59Z,combined,argocd-applicationset-controller-68fb4455bb-6d6k5,1m,25Mi
2026-04-24T08:06:59Z,combined,argocd-dex-server-76dcbcbc86-qmt95,1m,25Mi
2026-04-24T08:06:59Z,combined,argocd-notifications-controller-8495566bcf-6l7vb,1m,22Mi
2026-04-24T08:06:59Z,combined,argocd-redis-85cfb75bdd-44jsl,4m,9Mi
2026-04-24T08:06:59Z,combined,argocd-repo-server-9fd46496f-q9g6f,2m,36Mi
2026-04-24T08:06:59Z,combined,argocd-server-9c669c566-kmphd,2m,75Mi
2026-04-24T08:07:00Z,combined,argocd-application-controller-0,5m,196Mi
2026-04-24T08:07:00Z,combined,argocd-applicationset-controller-68fb4455bb-6d6k5,1m,25Mi
2026-04-24T08:07:00Z,combined,argocd-dex-server-76dcbcbc86-qmt95,1m,25Mi
2026-04-24T08:07:00Z,combined,argocd-notifications-controller-8495566bcf-6l7vb,1m,22Mi
2026-04-24T08:07:00Z,combined,argocd-redis-85cfb75bdd-44jsl,4m,9Mi
2026-04-24T08:07:00Z,combined,argocd-repo-server-9fd46496f-q9g6f,2m,36Mi
2026-04-24T08:07:00Z,combined,argocd-server-9c669c566-kmphd,2m,75Mi
2026-04-24T08:07:01Z,combined,argocd-application-controller-0,5m,196Mi
2026-04-24T08:07:01Z,combined,argocd-applicationset-controller-68fb4455bb-6d6k5,1m,25Mi
2026-04-24T08:07:01Z,combined,argocd-dex-server-76dcbcbc86-qmt95,1m,25Mi
2026-04-24T08:07:01Z,combined,argocd-notifications-controller-8495566bcf-6l7vb,1m,22Mi
2026-04-24T08:07:01Z,combined,argocd-redis-85cfb75bdd-44jsl,4m,9Mi
2026-04-24T08:07:01Z,combined,argocd-repo-server-9fd46496f-q9g6f,2m,36Mi
2026-04-24T08:07:01Z,combined,argocd-server-9c669c566-kmphd,2m,75Mi
2026-04-24T08:07:02Z,combined,argocd-application-controller-0,5m,196Mi
2026-04-24T08:07:02Z,combined,argocd-applicationset-controller-68fb4455bb-6d6k5,1m,25Mi
2026-04-24T08:07:02Z,combined,argocd-dex-server-76dcbcbc86-qmt95,1m,25Mi
2026-04-24T08:07:02Z,combined,argocd-notifications-controller-8495566bcf-6l7vb,1m,22Mi
2026-04-24T08:07:02Z,combined,argocd-redis-85cfb75bdd-44jsl,4m,9Mi
2026-04-24T08:07:02Z,combined,argocd-repo-server-9fd46496f-q9g6f,2m,36Mi
2026-04-24T08:07:02Z,combined,argocd-server-9c669c566-kmphd,2m,75Mi
2026-04-24T08:07:04Z,combined,argocd-application-controller-0,5m,196Mi
2026-04-24T08:07:04Z,combined,argocd-applicationset-controller-68fb4455bb-6d6k5,1m,25Mi
2026-04-24T08:07:04Z,combined,argocd-dex-server-76dcbcbc86-qmt95,1m,25Mi
2026-04-24T08:07:04Z,combined,argocd-notifications-controller-8495566bcf-6l7vb,1m,22Mi
2026-04-24T08:07:04Z,combined,argocd-redis-85cfb75bdd-44jsl,4m,9Mi
2026-04-24T08:07:04Z,combined,argocd-repo-server-9fd46496f-q9g6f,2m,36Mi
2026-04-24T08:07:04Z,combined,argocd-server-9c669c566-kmphd,2m,75Mi
2026-04-24T08:07:05Z,combined,argocd-application-controller-0,5m,196Mi
2026-04-24T08:07:05Z,combined,argocd-applicationset-controller-68fb4455bb-6d6k5,1m,25Mi
2026-04-24T08:07:05Z,combined,argocd-dex-server-76dcbcbc86-qmt95,1m,25Mi
2026-04-24T08:07:05Z,combined,argocd-notifications-controller-8495566bcf-6l7vb,1m,22Mi
2026-04-24T08:07:05Z,combined,argocd-redis-85cfb75bdd-44jsl,4m,9Mi
2026-04-24T08:07:05Z,combined,argocd-repo-server-9fd46496f-q9g6f,2m,36Mi
2026-04-24T08:07:05Z,combined,argocd-server-9c669c566-kmphd,2m,75Mi
2026-04-24T08:07:06Z,combined,argocd-application-controller-0,5m,196Mi
2026-04-24T08:07:06Z,combined,argocd-applicationset-controller-68fb4455bb-6d6k5,1m,25Mi
2026-04-24T08:07:06Z,combined,argocd-dex-server-76dcbcbc86-qmt95,1m,25Mi
2026-04-24T08:07:06Z,combined,argocd-notifications-controller-8495566bcf-6l7vb,1m,22Mi
2026-04-24T08:07:06Z,combined,argocd-redis-85cfb75bdd-44jsl,4m,9Mi
2026-04-24T08:07:06Z,combined,argocd-repo-server-9fd46496f-q9g6f,2m,36Mi
2026-04-24T08:07:06Z,combined,argocd-server-9c669c566-kmphd,2m,75Mi
2026-04-24T08:07:07Z,combined,argocd-application-controller-0,5m,196Mi
2026-04-24T08:07:07Z,combined,argocd-applicationset-controller-68fb4455bb-6d6k5,1m,25Mi
2026-04-24T08:07:07Z,combined,argocd-dex-server-76dcbcbc86-qmt95,1m,25Mi
2026-04-24T08:07:07Z,combined,argocd-notifications-controller-8495566bcf-6l7vb,1m,22Mi
2026-04-24T08:07:07Z,combined,argocd-redis-85cfb75bdd-44jsl,4m,9Mi
2026-04-24T08:07:07Z,combined,argocd-repo-server-9fd46496f-q9g6f,2m,36Mi
2026-04-24T08:07:07Z,combined,argocd-server-9c669c566-kmphd,2m,75Mi
2026-04-24T08:07:08Z,combined,argocd-application-controller-0,5m,196Mi
2026-04-24T08:07:08Z,combined,argocd-applicationset-controller-68fb4455bb-6d6k5,1m,25Mi
2026-04-24T08:07:08Z,combined,argocd-dex-server-76dcbcbc86-qmt95,1m,25Mi
2026-04-24T08:07:08Z,combined,argocd-notifications-controller-8495566bcf-6l7vb,1m,22Mi
2026-04-24T08:07:08Z,combined,argocd-redis-85cfb75bdd-44jsl,4m,9Mi
2026-04-24T08:07:08Z,combined,argocd-repo-server-9fd46496f-q9g6f,2m,36Mi
2026-04-24T08:07:08Z,combined,argocd-server-9c669c566-kmphd,2m,75Mi
2026-04-24T08:07:09Z,combined,argocd-application-controller-0,5m,196Mi
2026-04-24T08:07:09Z,combined,argocd-applicationset-controller-68fb4455bb-6d6k5,1m,25Mi
2026-04-24T08:07:09Z,combined,argocd-dex-server-76dcbcbc86-qmt95,1m,25Mi
2026-04-24T08:07:09Z,combined,argocd-notifications-controller-8495566bcf-6l7vb,1m,22Mi
2026-04-24T08:07:09Z,combined,argocd-redis-85cfb75bdd-44jsl,4m,9Mi
2026-04-24T08:07:09Z,combined,argocd-repo-server-9fd46496f-q9g6f,2m,36Mi
2026-04-24T08:07:09Z,combined,argocd-server-9c669c566-kmphd,2m,75Mi
2026-04-24T08:07:10Z,combined,argocd-application-controller-0,5m,196Mi
2026-04-24T08:07:10Z,combined,argocd-applicationset-controller-68fb4455bb-6d6k5,1m,25Mi
2026-04-24T08:07:10Z,combined,argocd-dex-server-76dcbcbc86-qmt95,1m,25Mi
2026-04-24T08:07:10Z,combined,argocd-notifications-controller-8495566bcf-6l7vb,1m,22Mi
2026-04-24T08:07:10Z,combined,argocd-redis-85cfb75bdd-44jsl,4m,9Mi
2026-04-24T08:07:10Z,combined,argocd-repo-server-9fd46496f-q9g6f,2m,36Mi
2026-04-24T08:07:10Z,combined,argocd-server-9c669c566-kmphd,2m,75Mi
